Datetime (UTC),Timezone (minutes),Unix Timestamp (UTC),Acc magnitude avg,Eda avg,Temp avg,Movement intensity,Steps count,Rest,On Wrist
2020-01-18T02:28:00Z,-360,1.57931E+12,0.9841,0.06549,26.898,0,0,0,FALSE
2020-01-18T02:29:00Z,-360,1.57931E+12,1.013934,0.069678,28.068138,48,32,0,FALSE
2020-01-18T02:30:00Z,-360,1.57931E+12,0.928966,0.070971,28.5464,0,0,0,TRUE
2020-01-18T02:31:00Z,-360,1.57931E+12,0.964841,0.07096,28.719237,0,0,0,TRUE
2020-01-18T02:32:00Z,-360,1.57931E+12,0.990754,0.072677,28.97159,0,0,0,TRUE
2020-01-18T02:33:00Z,-360,1.57931E+12,0.934689,0.075843,29.17845,0,0,0,TRUE
2020-01-18T02:34:00Z,-360,1.57931E+12,0.966466,0.07618,29.31035,0,0,0,TRUE
2020-01-18T02:35:00Z,-360,1.57931E+12,0.952039,0.075597,29.3657,0,0,0,TRUE
2020-01-18T02:36:00Z,-360,1.57931E+12,0.950707,0.077589,29.43545,0,0,0,TRUE
2020-01-18T02:37:00Z,-360,1.57932E+12,0.968125,0.078643,29.521567,0,0,0,TRUE
2020-01-18T02:38:00Z,-360,1.57932E+12,0.943276,0.078138,29.63865,0,0,0,TRUE
2020-01-18T02:39:00Z,-360,1.57932E+12,1.006551,0.079837,29.821383,0,0,0,TRUE
2020-01-18T02:40:00Z,-360,1.57932E+12,1.029693,0.084049,30.067367,0,0,0,TRUE
2020-01-18T02:41:00Z,-360,1.57932E+12,1.010344,0.087977,30.280267,20,41,0,TRUE
2020-01-18T02:42:00Z,-360,1.57932E+12,0.955317,0.085688,30.399433,0,0,0,TRUE
2020-01-18T02:43:00Z,-360,1.57932E+12,0.950456,0.096186,30.45505,0,0,0,TRUE
2020-01-18T02:44:00Z,-360,1.57932E+12,0.912851,0.101994,30.508767,0,0,0,TRUE
2020-01-18T02:45:00Z,-360,1.57932E+12,0.943583,0.099797,30.512033,0,0,0,TRUE
2020-01-18T02:46:00Z,-360,1.57932E+12,0.942244,0.097442,30.640233,0,0,0,TRUE
2020-01-18T02:47:00Z,-360,1.57932E+12,0.990114,0.100776,30.65325,0,0,0,TRUE
2020-01-18T02:48:00Z,-360,1.57932E+12,0.950967,0.112116,30.637733,0,0,0,TRUE
2020-01-18T02:49:00Z,-360,1.57932E+12,0.914022,0.103124,30.619467,0,0,0,TRUE
2020-01-18T02:50:00Z,-360,1.57932E+12,0.897362,0.106245,30.616,0,0,0,TRUE
2020-01-18T02:51:00Z,-360,1.57932E+12,0.888383,0.111657,30.637867,0,0,0,TRUE
2020-01-18T02:52:00Z,-360,1.57932E+12,0.888703,0.114091,30.742467,0,0,0,TRUE
2020-01-18T02:53:00Z,-360,1.57932E+12,0.88618,0.117736,30.8215,0,0,0,TRUE
2020-01-18T02:54:00Z,-360,1.57932E+12,0.888278,0.122067,30.906283,0,0,0,TRUE
2020-01-18T02:55:00Z,-360,1.57932E+12,0.886468,0.127909,31.019583,0,0,0,TRUE
2020-01-18T02:56:00Z,-360,1.57932E+12,0.889385,0.132235,31.111817,0,0,0,TRUE
2020-01-18T02:57:00Z,-360,1.57932E+12,0.927352,0.129344,31.145067,0,0,0,TRUE
2020-01-18T02:58:00Z,-360,1.57932E+12,0.933759,0.135204,31.159167,0,0,0,TRUE
2020-01-18T02:59:00Z,-360,1.57932E+12,0.910863,0.179443,31.163683,0,0,0,TRUE
2020-01-18T03:00:00Z,-360,1.57932E+12,0.917294,0.140467,31.15065,0,0,0,TRUE
2020-01-18T03:01:00Z,-360,1.57932E+12,0.911181,0.174932,31.154767,0,0,0,TRUE
2020-01-18T03:02:00Z,-360,1.57932E+12,0.902228,0.154949,31.125683,0,0,0,TRUE
2020-01-18T03:03:00Z,-360,1.57932E+12,0.896556,0.140882,31.073233,0,0,0,TRUE
2020-01-18T03:04:00Z,-360,1.57932E+12,0.895247,0.132671,31.051567,0,0,0,TRUE
2020-01-18T03:05:00Z,-360,1.57932E+12,0.894875,0.129058,30.994183,0,0,0,TRUE
2020-01-18T03:06:00Z,-360,1.57932E+12,0.897437,0.128228,30.945183,0,0,0,TRUE
2020-01-18T03:07:00Z,-360,1.57932E+12,0.88898,0.138841,30.9537,0,0,0,TRUE
2020-01-18T03:08:00Z,-360,1.57932E+12,0.88451,0.138221,30.962567,0,0,0,TRUE
2020-01-18T03:09:00Z,-360,1.57932E+12,0.891139,0.160463,30.995483,0,0,0,TRUE
2020-01-18T03:10:00Z,-360,1.57932E+12,0.909597,0.135983,31.034233,0,0,0,TRUE
2020-01-18T03:11:00Z,-360,1.57932E+12,0.896124,0.150496,31.035967,0,0,0,TRUE
2020-01-18T03:12:00Z,-360,1.57932E+12,0.890794,0.135363,31.032933,0,0,0,TRUE
2020-01-18T03:13:00Z,-360,1.57932E+12,0.901172,0.145551,31.0277,0,0,0,TRUE
2020-01-18T03:14:00Z,-360,1.57932E+12,0.899023,0.140228,31.064567,0,0,0,TRUE
2020-01-18T03:15:00Z,-360,1.57932E+12,0.903099,0.13698,31.115283,0,0,0,TRUE
2020-01-18T03:16:00Z,-360,1.57932E+12,0.892664,0.138144,31.202933,0,0,0,TRUE
2020-01-18T03:17:00Z,-360,1.57932E+12,0.898265,0.14617,31.470983,0,0,0,TRUE
2020-01-18T03:18:00Z,-360,1.57932E+12,0.88949,0.135884,31.236233,0,0,0,TRUE
2020-01-18T03:19:00Z,-360,1.57932E+12,0.912769,0.219022,31.145617,0,0,0,TRUE
2020-01-18T03:20:00Z,-360,1.57932E+12,0.923206,0.144514,31.117,0,0,0,TRUE
2020-01-18T03:21:00Z,-360,1.57932E+12,0.921572,0.131861,31.133667,0,0,0,TRUE
2020-01-18T03:22:00Z,-360,1.57932E+12,0.933773,0.137704,31.235,0,0,0,TRUE
2020-01-18T03:23:00Z,-360,1.57932E+12,0.917596,0.137023,31.308283,0,0,0,TRUE
2020-01-18T03:24:00Z,-360,1.57932E+12,0.993547,0.242885,31.3933,14,24,0,TRUE
2020-01-18T03:25:00Z,-360,1.57932E+12,1.035606,0.252468,31.44045,0,0,0,TRUE
2020-01-18T03:26:00Z,-360,1.57932E+12,0.984151,0.267648,31.4463,0,0,0,TRUE
2020-01-18T03:27:00Z,-360,1.57932E+12,0.889994,0.205752,31.360983,0,0,0,TRUE
2020-01-18T03:28:00Z,-360,1.57932E+12,0.888526,0.170692,31.245833,0,0,0,TRUE
2020-01-18T03:29:00Z,-360,1.57932E+12,0.899312,0.201898,31.144533,0,0,0,TRUE
2020-01-18T03:30:00Z,-360,1.57932E+12,0.90862,0.222209,31.094033,0,0,0,TRUE
2020-01-18T03:31:00Z,-360,1.57932E+12,0.919132,0.21435,31.036383,0,0,0,TRUE
2020-01-18T03:32:00Z,-360,1.57932E+12,0.915807,0.214347,30.969933,0,0,0,TRUE
2020-01-18T03:33:00Z,-360,1.57932E+12,0.911984,0.232938,30.922217,0,0,0,TRUE
2020-01-18T03:34:00Z,-360,1.57932E+12,0.911361,0.233817,30.8877,0,0,0,TRUE
2020-01-18T03:35:00Z,-360,1.57932E+12,0.917899,0.225459,30.860067,0,0,0,TRUE
2020-01-18T03:36:00Z,-360,1.57932E+12,0.909648,0.224768,30.8792,0,0,0,TRUE
2020-01-18T03:37:00Z,-360,1.57932E+12,0.901983,0.236562,30.832083,0,0,0,TRUE
2020-01-18T03:38:00Z,-360,1.57932E+12,0.898819,0.229381,30.757917,0,0,0,TRUE
2020-01-18T03:39:00Z,-360,1.57932E+12,0.899289,0.231045,30.71115,0,0,0,TRUE
2020-01-18T03:40:00Z,-360,1.57932E+12,0.92079,0.215644,30.739417,0,0,0,TRUE
2020-01-18T03:41:00Z,-360,1.57932E+12,0.910365,0.21621,30.902467,0,0,0,TRUE
2020-01-18T03:42:00Z,-360,1.57932E+12,0.899116,0.226532,30.9227,0,0,0,TRUE
2020-01-18T03:43:00Z,-360,1.57932E+12,0.908294,0.216356,30.9345,0,0,0,TRUE
2020-01-18T03:44:00Z,-360,1.57932E+12,0.895762,0.227147,30.9263,0,0,0,TRUE
2020-01-18T03:45:00Z,-360,1.57932E+12,0.899161,0.230623,30.853967,0,0,0,TRUE
2020-01-18T03:46:00Z,-360,1.57932E+12,0.907801,0.229052,30.794083,0,0,0,TRUE
2020-01-18T03:47:00Z,-360,1.57932E+12,0.91067,0.231149,30.7394,0,0,0,TRUE
2020-01-18T03:48:00Z,-360,1.57932E+12,0.89684,0.216748,30.729333,0,0,0,TRUE
2020-01-18T03:49:00Z,-360,1.57932E+12,0.902856,0.173852,30.776433,0,0,0,TRUE
2020-01-18T03:50:00Z,-360,1.57932E+12,0.905702,0.17001,30.985183,0,0,0,TRUE
2020-01-18T03:51:00Z,-360,1.57932E+12,0.940105,0.168476,31.203583,0,0,0,TRUE
2020-01-18T03:52:00Z,-360,1.57932E+12,0.970564,0.179998,31.40355,16,26,0,TRUE
2020-01-18T03:53:00Z,-360,1.57932E+12,0.986856,0.184675,31.43435,0,0,0,TRUE
2020-01-18T03:54:00Z,-360,1.57932E+12,0.952755,0.187556,31.4284,0,0,0,TRUE
2020-01-18T03:55:00Z,-360,1.57932E+12,0.952992,0.185879,31.407617,0,0,0,TRUE
2020-01-18T03:56:00Z,-360,1.57932E+12,0.92657,0.184354,31.341217,0,0,0,TRUE
2020-01-18T03:57:00Z,-360,1.57932E+12,0.923237,0.180039,31.282717,0,0,0,TRUE
2020-01-18T03:58:00Z,-360,1.57932E+12,0.910888,0.179531,31.201633,0,0,0,TRUE
2020-01-18T03:59:00Z,-360,1.57932E+12,0.930801,0.183566,31.210733,0,0,0,TRUE
2020-01-18T04:00:00Z,-360,1.57932E+12,0.962739,0.187077,31.268467,0,0,0,TRUE
2020-01-18T04:01:00Z,-360,1.57932E+12,0.936355,0.186374,31.39915,0,0,0,TRUE
2020-01-18T04:02:00Z,-360,1.57932E+12,0.932526,0.1868,31.525167,0,0,0,TRUE
2020-01-18T04:03:00Z,-360,1.57932E+12,0.931412,0.190481,31.61515,0,0,0,TRUE
2020-01-18T04:04:00Z,-360,1.57932E+12,0.931236,0.194818,31.686067,0,0,0,TRUE
2020-01-18T04:05:00Z,-360,1.57932E+12,0.925205,0.23198,31.749183,0,0,0,TRUE
2020-01-18T04:06:00Z,-360,1.57932E+12,0.937295,0.239538,31.709033,0,0,0,TRUE
2020-01-18T04:07:00Z,-360,1.57932E+12,0.93914,0.238935,31.719867,0,0,0,TRUE
2020-01-18T04:08:00Z,-360,1.57932E+12,0.933768,0.243837,31.789517,0,0,0,TRUE
2020-01-18T04:09:00Z,-360,1.57932E+12,0.927569,0.248315,31.8344,0,0,0,TRUE
2020-01-18T04:10:00Z,-360,1.57932E+12,0.929317,0.247639,31.849133,0,0,0,TRUE
2020-01-18T04:11:00Z,-360,1.57932E+12,0.97815,0.252316,31.883367,21,39,0,TRUE
2020-01-18T04:12:00Z,-360,1.57932E+12,1.007029,0.258254,31.8422,20,48,0,TRUE
2020-01-18T04:13:00Z,-360,1.57932E+12,1.117767,0.267782,31.768517,81,66,0,TRUE
2020-01-18T04:14:00Z,-360,1.57932E+12,1.093328,0.27194,31.731567,63,51,0,TRUE
2020-01-18T04:15:00Z,-360,1.57932E+12,0.975591,0.254975,31.634717,0,0,0,TRUE
2020-01-18T04:16:00Z,-360,1.57932E+12,1.016775,0.256423,31.510867,24,58,0,TRUE
2020-01-18T04:17:00Z,-360,1.57932E+12,0.974114,0.272514,31.429633,29,53,0,TRUE
2020-01-18T04:18:00Z,-360,1.57932E+12,0.987685,0.248438,31.318817,35,54,0,TRUE
2020-01-18T04:19:00Z,-360,1.57932E+12,0.946658,0.250929,31.270533,24,30,0,TRUE
2020-01-18T04:20:00Z,-360,1.57932E+12,0.960953,0.293901,31.2545,27,53,0,TRUE
2020-01-18T04:21:00Z,-360,1.57932E+12,0.939915,0.262507,31.1788,0,0,0,TRUE
2020-01-18T04:22:00Z,-360,1.57932E+12,0.940406,0.261099,31.144633,0,0,0,TRUE
2020-01-18T04:23:00Z,-360,1.57932E+12,0.954546,0.261312,31.1212,0,0,0,TRUE
2020-01-18T04:24:00Z,-360,1.57932E+12,0.943183,0.261434,31.091,0,0,0,TRUE
2020-01-18T04:25:00Z,-360,1.57932E+12,0.940602,0.261024,31.12485,0,0,0,TRUE
2020-01-18T04:26:00Z,-360,1.57932E+12,0.948899,0.278732,31.198167,0,0,0,TRUE
2020-01-18T04:27:00Z,-360,1.57932E+12,0.950712,0.274587,31.227633,0,0,0,TRUE
2020-01-18T04:28:00Z,-360,1.57932E+12,0.950119,0.268994,31.28595,0,0,0,TRUE
2020-01-18T04:29:00Z,-360,1.57932E+12,0.938981,0.270906,31.385067,13,50,0,TRUE
2020-01-18T04:30:00Z,-360,1.57932E+12,0.964416,0.278355,31.445833,0,0,0,TRUE
2020-01-18T04:31:00Z,-360,1.57932E+12,1.015581,0.280133,31.4671,17,48,0,TRUE
2020-01-18T04:32:00Z,-360,1.57932E+12,0.969571,0.290907,31.43085,24,0,0,TRUE
2020-01-18T04:33:00Z,-360,1.57932E+12,0.96342,0.272012,31.34545,0,0,0,TRUE
2020-01-18T04:34:00Z,-360,1.57932E+12,0.966741,0.271963,31.171683,13,56,0,TRUE
2020-01-18T04:35:00Z,-360,1.57932E+12,0.98149,0.266616,31.0663,0,0,0,TRUE
2020-01-18T04:36:00Z,-360,1.57932E+12,0.980076,0.269364,30.995567,0,0,0,TRUE
2020-01-18T04:37:00Z,-360,1.57932E+12,0.938759,0.264104,30.890417,13,43,0,TRUE
2020-01-18T04:38:00Z,-360,1.57932E+12,0.892796,0.258362,30.892283,0,0,0,TRUE
2020-01-18T04:39:00Z,-360,1.57932E+12,0.92746,0.2567,30.988017,0,0,0,TRUE
2020-01-18T04:40:00Z,-360,1.57932E+12,0.917139,0.237489,31.026783,0,0,0,TRUE
2020-01-18T04:41:00Z,-360,1.57932E+12,0.905717,0.238853,31.133317,0,0,0,TRUE
2020-01-18T04:42:00Z,-360,1.57932E+12,0.905818,0.231908,31.244583,0,0,0,TRUE
2020-01-18T04:43:00Z,-360,1.57932E+12,0.892313,0.230354,31.3443,0,0,0,TRUE
2020-01-18T04:44:00Z,-360,1.57932E+12,0.895178,0.22554,31.401967,0,0,0,TRUE
2020-01-18T04:45:00Z,-360,1.57932E+12,0.901083,0.222707,31.473483,0,0,0,TRUE
2020-01-18T04:46:00Z,-360,1.57932E+12,0.890771,0.224996,31.549867,0,0,0,TRUE
2020-01-18T04:47:00Z,-360,1.57932E+12,0.917805,0.247043,31.618667,0,0,0,TRUE
2020-01-18T04:48:00Z,-360,1.57932E+12,0.895187,0.241808,31.666567,0,0,0,TRUE
2020-01-18T04:49:00Z,-360,1.57932E+12,0.889784,0.251278,31.701233,0,0,0,TRUE
2020-01-18T04:50:00Z,-360,1.57932E+12,0.896472,0.251713,31.741533,0,0,0,TRUE
2020-01-18T04:51:00Z,-360,1.57932E+12,0.888611,0.236402,31.741117,0,0,0,TRUE
2020-01-18T04:52:00Z,-360,1.57932E+12,0.927089,0.249282,31.739383,0,0,0,TRUE
2020-01-18T04:53:00Z,-360,1.57932E+12,1.02842,0.265245,31.734617,18,23,0,TRUE
2020-01-18T04:54:00Z,-360,1.57932E+12,1.016462,0.245948,31.61285,0,0,0,TRUE
2020-01-18T04:55:00Z,-360,1.57932E+12,0.997933,0.215068,31.426633,0,0,0,TRUE
2020-01-18T04:56:00Z,-360,1.57932E+12,0.98305,0.192271,31.234983,10,20,0,TRUE
2020-01-18T04:57:00Z,-360,1.57932E+12,0.980805,0.177607,31.05265,0,0,0,TRUE
2020-01-18T04:58:00Z,-360,1.57932E+12,0.975744,0.17858,30.908983,0,0,0,TRUE
2020-01-18T04:59:00Z,-360,1.57932E+12,0.923504,0.211707,30.840933,0,0,0,TRUE
2020-01-18T05:00:00Z,-360,1.57932E+12,0.97096,0.239827,30.777883,0,0,0,TRUE
2020-01-18T05:01:00Z,-360,1.57932E+12,0.987828,0.241635,30.679317,0,0,0,TRUE
2020-01-18T05:02:00Z,-360,1.57932E+12,0.96652,0.227593,30.529233,0,0,0,TRUE
2020-01-18T05:03:00Z,-360,1.57932E+12,0.974555,0.233337,30.419733,0,0,0,TRUE
2020-01-18T05:04:00Z,-360,1.57932E+12,0.962702,0.233586,30.430567,0,0,0,TRUE
2020-01-18T05:05:00Z,-360,1.57932E+12,0.934027,0.217661,30.404517,0,0,0,TRUE
2020-01-18T05:06:00Z,-360,1.57932E+12,0.957339,0.23004,30.40761,0,0,0,TRUE
2020-01-18T05:07:00Z,-360,1.57932E+12,0.954261,0.218359,30.425367,0,0,0,TRUE
2020-01-18T05:08:00Z,-360,1.57932E+12,0.93907,0.17104,30.41365,0,0,0,TRUE
2020-01-18T05:09:00Z,-360,1.57932E+12,0.972116,0.210428,30.449833,11,26,0,TRUE
2020-01-18T05:10:00Z,-360,1.57932E+12,0.960853,0.211468,30.466,0,0,0,TRUE
2020-01-18T05:11:00Z,-360,1.57932E+12,0.939912,0.214058,30.449633,0,0,0,TRUE
2020-01-18T05:12:00Z,-360,1.57932E+12,0.963104,0.218331,30.452233,0,0,0,TRUE
2020-01-18T05:13:00Z,-360,1.57932E+12,0.961864,0.223307,30.462417,0,0,0,TRUE
2020-01-18T05:14:00Z,-360,1.57932E+12,0.974425,0.227425,30.4651,0,0,0,TRUE
2020-01-18T05:15:00Z,-360,1.57932E+12,0.962031,0.228559,30.48085,0,0,0,TRUE
2020-01-18T05:16:00Z,-360,1.57932E+12,0.946395,0.242023,30.4996,0,0,0,TRUE
2020-01-18T05:17:00Z,-360,1.57932E+12,0.951159,0.251537,30.541667,0,0,0,TRUE
2020-01-18T05:18:00Z,-360,1.57932E+12,0.918966,0.257452,30.575167,0,0,0,TRUE
2020-01-18T05:19:00Z,-360,1.57932E+12,0.92708,0.255611,30.524783,0,0,0,TRUE
2020-01-18T05:20:00Z,-360,1.57932E+12,0.938197,0.2741,30.55215,0,0,0,TRUE
2020-01-18T05:21:00Z,-360,1.57932E+12,0.941609,0.26868,30.5435,0,0,0,TRUE
2020-01-18T05:22:00Z,-360,1.57932E+12,0.939119,0.27533,30.528,0,0,0,TRUE
2020-01-18T05:23:00Z,-360,1.57932E+12,0.918596,0.278441,30.493067,0,0,0,TRUE
2020-01-18T05:24:00Z,-360,1.57933E+12,0.939268,0.274374,30.459967,0,0,0,TRUE
2020-01-18T05:25:00Z,-360,1.57933E+12,0.961308,0.279526,30.431,0,0,0,TRUE
2020-01-18T05:26:00Z,-360,1.57933E+12,0.994688,0.292215,30.4101,0,0,0,TRUE
2020-01-18T05:27:00Z,-360,1.57933E+12,0.961273,0.294181,30.431867,22,30,0,TRUE
2020-01-18T05:28:00Z,-360,1.57933E+12,0.963964,0.292724,30.435433,12,27,0,TRUE
2020-01-18T05:29:00Z,-360,1.57933E+12,0.963637,0.294834,30.405633,12,30,0,TRUE
2020-01-18T05:30:00Z,-360,1.57933E+12,0.903039,0.280733,30.304383,0,0,0,TRUE
2020-01-18T05:31:00Z,-360,1.57933E+12,0.922661,0.282519,30.267233,0,0,0,TRUE
2020-01-18T05:32:00Z,-360,1.57933E+12,0.923385,0.288312,30.292417,0,0,0,TRUE
2020-01-18T05:33:00Z,-360,1.57933E+12,0.924955,0.292838,30.391383,0,0,0,TRUE
2020-01-18T05:34:00Z,-360,1.57933E+12,0.924955,0.294297,30.5438,0,0,0,TRUE
2020-01-18T05:35:00Z,-360,1.57933E+12,0.886152,0.291046,30.649317,0,0,0,TRUE
2020-01-18T05:36:00Z,-360,1.57933E+12,0.905323,0.297209,30.698667,0,0,0,TRUE
2020-01-18T05:37:00Z,-360,1.57933E+12,0.911216,0.295997,30.737233,0,0,0,TRUE
2020-01-18T05:38:00Z,-360,1.57933E+12,0.923231,0.304368,30.752067,0,0,0,TRUE
2020-01-18T05:39:00Z,-360,1.57933E+12,0.914513,0.303731,30.74455,0,0,0,TRUE
2020-01-18T05:40:00Z,-360,1.57933E+12,0.908771,0.298418,30.7381,0,0,0,TRUE
2020-01-18T05:41:00Z,-360,1.57933E+12,0.920102,0.299383,30.776617,0,0,0,TRUE
2020-01-18T05:42:00Z,-360,1.57933E+12,0.924166,0.301422,30.806883,0,0,0,TRUE
2020-01-18T05:43:00Z,-360,1.57933E+12,0.89747,0.283773,30.80155,0,0,0,TRUE
2020-01-18T05:44:00Z,-360,1.57933E+12,0.916087,0.288723,30.834483,0,0,0,TRUE
2020-01-18T05:45:00Z,-360,1.57933E+12,0.928468,0.293735,30.842733,0,0,0,TRUE
2020-01-18T05:46:00Z,-360,1.57933E+12,0.907017,0.293172,30.818467,0,0,0,TRUE
2020-01-18T05:47:00Z,-360,1.57933E+12,0.938566,0.300636,30.81355,0,0,0,TRUE
2020-01-18T05:48:00Z,-360,1.57933E+12,0.940893,0.30428,30.806433,0,0,0,TRUE
2020-01-18T05:49:00Z,-360,1.57933E+12,0.946426,0.307895,30.798967,0,0,0,TRUE
2020-01-18T05:50:00Z,-360,1.57933E+12,0.952303,0.324071,30.7687,10,0,0,TRUE
2020-01-18T05:51:00Z,-360,1.57933E+12,0.929277,0.305311,30.739333,0,0,0,TRUE
2020-01-18T05:52:00Z,-360,1.57933E+12,0.896022,0.305303,30.710683,0,0,0,TRUE
2020-01-18T05:53:00Z,-360,1.57933E+12,0.960001,0.307406,30.688517,15,33,0,TRUE
2020-01-18T05:54:00Z,-360,1.57933E+12,0.993888,0.324354,30.655933,0,0,0,TRUE
2020-01-18T05:55:00Z,-360,1.57933E+12,0.971991,0.3628,30.702217,24,35,0,TRUE
2020-01-18T05:56:00Z,-360,1.57933E+12,1.021535,0.374472,30.6564,13,49,0,TRUE
2020-01-18T05:57:00Z,-360,1.57933E+12,1.045855,0.392901,30.535917,12,40,0,TRUE
2020-01-18T05:58:00Z,-360,1.57933E+12,1.010463,0.387815,30.422517,27,55,0,TRUE
2020-01-18T05:59:00Z,-360,1.57933E+12,0.967834,0.378836,30.270867,13,46,0,TRUE
2020-01-18T06:00:00Z,-360,1.57933E+12,0.972935,0.360931,30.11155,0,0,0,TRUE
2020-01-18T06:01:00Z,-360,1.57933E+12,0.979321,0.362148,29.99935,0,0,0,TRUE
2020-01-18T06:02:00Z,-360,1.57933E+12,0.948393,0.369695,29.935067,0,0,0,TRUE
2020-01-18T06:03:00Z,-360,1.57933E+12,0.9293,0.358129,29.902983,0,0,0,TRUE
2020-01-18T06:04:00Z,-360,1.57933E+12,0.946682,0.343319,29.87115,0,0,0,TRUE
2020-01-18T06:05:00Z,-360,1.57933E+12,0.91532,0.338,29.861967,0,0,0,TRUE
2020-01-18T06:06:00Z,-360,1.57933E+12,0.912609,0.340392,29.933233,0,0,0,TRUE
2020-01-18T06:07:00Z,-360,1.57933E+12,0.95735,0.348492,30.065683,13,0,0,TRUE
2020-01-18T06:08:00Z,-360,1.57933E+12,0.934544,0.345507,30.1424,0,0,0,TRUE
2020-01-18T06:09:00Z,-360,1.57933E+12,0.953848,0.352781,30.175233,0,0,0,TRUE
2020-01-18T06:10:00Z,-360,1.57933E+12,0.963368,0.346784,30.17305,0,0,0,TRUE
2020-01-18T06:11:00Z,-360,1.57933E+12,0.964701,0.240556,30.02141,0,0,0,TRUE
2020-01-18T06:12:00Z,-360,1.57933E+12,0.976642,0.066079,29.190633,0,0,0,FALSE
2020-01-18T06:13:00Z,-360,1.57933E+12,0.977082,0.067292,28.510117,0,0,0,FALSE
2020-01-18T06:14:00Z,-360,1.57933E+12,0.977576,0.065947,27.964117,0,0,0,FALSE
2020-01-18T06:15:00Z,-360,1.57933E+12,0.978308,0.065727,27.4787,0,0,0,FALSE
2020-01-18T06:16:00Z,-360,1.57933E+12,0.978725,0.065049,27.049678,0,0,0,FALSE
2020-01-18T06:17:00Z,-360,1.57933E+12,0.979057,0.065851,26.65995,0,0,0,FALSE
2020-01-18T06:18:00Z,-360,1.57933E+12,0.962746,0.065367,26.112852,0,0,0,FALSE
2020-01-18T06:19:00Z,-360,1.57933E+12,0.942019,0.064897,25.162233,0,0,0,FALSE
2020-01-18T06:20:00Z,-360,1.57933E+12,0.942341,0.065023,24.681233,0,0,0,FALSE
2020-01-18T06:21:00Z,-360,1.57933E+12,0.942696,0.062786,24.358733,0,0,0,FALSE
2020-01-18T06:22:00Z,-360,1.57933E+12,0.942942,0.061736,24.103517,0,0,0,FALSE
2020-01-18T06:23:00Z,-360,1.57933E+12,0.943064,0.062716,23.879667,0,0,0,FALSE
2020-01-18T06:24:00Z,-360,1.57933E+12,0.943322,0.064486,23.673633,0,0,0,FALSE
2020-01-18T06:25:00Z,-360,1.57933E+12,0.943458,0.064967,23.484517,0,0,0,FALSE
2020-01-18T06:26:00Z,-360,1.57933E+12,0.943349,0.065439,23.316783,0,0,0,FALSE
2020-01-18T06:27:00Z,-360,1.57933E+12,0.942756,0.066173,23.163733,0,0,0,FALSE
2020-01-18T06:28:00Z,-360,1.57933E+12,0.942753,0.064437,23.033233,0,0,0,FALSE
2020-01-18T06:29:00Z,-360,1.57933E+12,0.942759,0.065143,22.93545,0,0,0,FALSE
2020-01-18T06:30:00Z,-360,1.57933E+12,0.942924,0.064141,22.872733,0,0,0,FALSE
2020-01-18T06:31:00Z,-360,1.57933E+12,0.942976,0.064597,22.790567,0,0,0,FALSE
2020-01-18T06:32:00Z,-360,1.57933E+12,0.943153,0.064431,22.693817,0,0,0,FALSE
2020-01-18T06:33:00Z,-360,1.57933E+12,0.943189,0.063359,22.59115,0,0,0,FALSE
2020-01-18T06:34:00Z,-360,1.57933E+12,0.9436,0.063783,22.53039,0,0,0,FALSE
2020-01-18T06:35:00Z,-360,1.57933E+12,0.943069,0.063692,22.4405,0,0,0,FALSE
2020-01-18T06:36:00Z,-360,1.57933E+12,0.943349,0.065694,22.357783,0,0,0,FALSE
2020-01-18T06:37:00Z,-360,1.57933E+12,0.943131,0.065376,22.27623,0,0,0,FALSE
2020-01-18T06:38:00Z,-360,1.57933E+12,0.943455,0.065629,22.189133,0,0,0,FALSE
2020-01-18T06:39:00Z,-360,1.57933E+12,0.943519,0.064447,22.1067,0,0,0,FALSE
2020-01-18T06:40:00Z,-360,1.57933E+12,0.943376,0.063701,22.0275,0,0,0,FALSE
2020-01-18T06:41:00Z,-360,1.57933E+12,0.943607,0.064178,21.9605,0,0,0,FALSE
2020-01-18T06:42:00Z,-360,1.57933E+12,0.943716,0.064533,21.894783,0,0,0,FALSE
2020-01-18T06:43:00Z,-360,1.57933E+12,0.943558,0.065398,21.8445,0,0,0,FALSE
2020-01-18T06:44:00Z,-360,1.57933E+12,0.943448,0.065486,21.801,0,0,0,FALSE
2020-01-18T06:45:00Z,-360,1.57933E+12,0.943787,0.064364,21.754467,0,0,0,FALSE
2020-01-18T06:46:00Z,-360,1.57933E+12,0.943712,0.064495,21.727017,0,0,0,FALSE
2020-01-18T06:47:00Z,-360,1.57933E+12,0.943618,0.065216,21.689983,0,0,0,FALSE
2020-01-18T06:48:00Z,-360,1.57933E+12,0.943608,0.064849,21.6553,0,0,0,FALSE
2020-01-18T06:49:00Z,-360,1.57933E+12,0.943581,0.064705,21.616,0,0,0,FALSE
2020-01-18T06:50:00Z,-360,1.57933E+12,0.943751,0.063946,21.5715,0,0,0,FALSE
2020-01-18T06:51:00Z,-360,1.57933E+12,0.943815,0.062738,21.5252,0,0,0,FALSE
2020-01-18T06:52:00Z,-360,1.57933E+12,0.943915,0.06351,21.486,0,0,0,FALSE
2020-01-18T06:53:00Z,-360,1.57933E+12,0.943832,0.062622,21.44545,0,0,0,FALSE
2020-01-18T06:54:00Z,-360,1.57933E+12,0.943973,0.062821,21.4087,0,0,0,FALSE
2020-01-18T06:55:00Z,-360,1.57933E+12,0.943901,0.062403,21.376,0,0,0,FALSE
2020-01-18T06:56:00Z,-360,1.57933E+12,0.944194,0.06207,21.3485,0,0,0,FALSE
2020-01-18T06:57:00Z,-360,1.57933E+12,0.944166,0.062705,21.3215,0,0,0,FALSE
2020-01-18T06:58:00Z,-360,1.57933E+12,0.944268,0.062852,21.30155,0,0,0,FALSE
2020-01-18T06:59:00Z,-360,1.57933E+12,0.944053,0.06316,21.279017,0,0,0,FALSE
2020-01-18T07:00:00Z,-360,1.57933E+12,0.943807,0.064186,21.296917,0,0,0,FALSE
2020-01-18T07:01:00Z,-360,1.57933E+12,0.943837,0.063826,21.31745,0,0,0,FALSE
2020-01-18T07:02:00Z,-360,1.57933E+12,0.944129,0.063825,21.314883,0,0,0,FALSE
2020-01-18T07:03:00Z,-360,1.57933E+12,0.944127,0.06354,21.271033,0,0,0,FALSE
2020-01-18T07:04:00Z,-360,1.57933E+12,0.944138,0.063871,21.2495,0,0,0,FALSE
2020-01-18T07:05:00Z,-360,1.57933E+12,0.94398,0.064725,21.207933,0,0,0,FALSE
2020-01-18T07:06:00Z,-360,1.57933E+12,0.944276,0.064818,21.1715,0,0,0,FALSE
2020-01-18T07:07:00Z,-360,1.57933E+12,0.944254,0.064868,21.1385,0,0,0,FALSE
2020-01-18T07:08:00Z,-360,1.57933E+12,0.944071,0.065103,21.112983,0,0,0,FALSE
2020-01-18T07:09:00Z,-360,1.57933E+12,0.943934,0.06549,21.096767,0,0,0,FALSE
2020-01-18T07:10:00Z,-360,1.57933E+12,0.943995,0.064812,21.079717,0,0,0,FALSE
2020-01-18T07:11:00Z,-360,1.57933E+12,0.944142,0.06506,21.070017,0,0,0,FALSE
2020-01-18T07:12:00Z,-360,1.57933E+12,0.94413,0.065545,21.0555,0,0,0,FALSE
2020-01-18T07:13:00Z,-360,1.57933E+12,0.944309,0.064082,21.045,0,0,0,FALSE
2020-01-18T07:14:00Z,-360,1.57933E+12,0.944037,0.063824,21.0305,0,0,0,FALSE
2020-01-18T07:15:00Z,-360,1.57933E+12,0.944064,0.064757,21.0185,0,0,0,FALSE
2020-01-18T07:16:00Z,-360,1.57933E+12,0.944132,0.065079,21.006283,0,0,0,FALSE
2020-01-18T07:17:00Z,-360,1.57933E+12,0.94429,0.065104,20.9851,0,0,0,FALSE
2020-01-18T07:18:00Z,-360,1.57933E+12,0.94409,0.065006,20.965467,0,0,0,FALSE
2020-01-18T07:19:00Z,-360,1.57933E+12,0.944292,0.064606,20.946,0,0,0,FALSE
2020-01-18T07:20:00Z,-360,1.57933E+12,0.944256,0.065499,20.9209,0,0,0,FALSE
2020-01-18T07:21:00Z,-360,1.57933E+12,0.944381,0.06498,20.89825,0,0,0,FALSE
2020-01-18T07:22:00Z,-360,1.57933E+12,0.944574,0.065479,20.878633,0,0,0,FALSE
2020-01-18T07:23:00Z,-360,1.57933E+12,0.944549,0.064937,20.864683,0,0,0,FALSE
2020-01-18T07:24:00Z,-360,1.57933E+12,0.944403,0.064143,20.851767,0,0,0,FALSE
2020-01-18T07:25:00Z,-360,1.57933E+12,0.944608,0.064699,20.849183,0,0,0,FALSE
2020-01-18T07:26:00Z,-360,1.57933E+12,0.94455,0.063969,20.844017,0,0,0,FALSE
2020-01-18T07:27:00Z,-360,1.57933E+12,0.944326,0.064723,20.850217,0,0,0,FALSE
2020-01-18T07:28:00Z,-360,1.57933E+12,0.984065,0.063952,23.1159,17,12,0,FALSE
2020-01-18T07:29:00Z,-360,1.57933E+12,0.931908,0.065494,26.5784,0,0,0,FALSE
2020-01-18T07:30:00Z,-360,1.57933E+12,0.917756,0.071208,27.0386,0,0,0,FALSE
2020-01-18T07:31:00Z,-360,1.57933E+12,0.944395,0.077248,27.49425,0,0,0,TRUE
2020-01-18T07:32:00Z,-360,1.57933E+12,0.92417,0.082993,27.824567,0,0,0,TRUE
2020-01-18T07:33:00Z,-360,1.57933E+12,0.926584,0.086137,28.0263,0,0,0,TRUE
2020-01-18T07:34:00Z,-360,1.57933E+12,0.927155,0.083234,28.1368,0,0,0,TRUE
2020-01-18T07:35:00Z,-360,1.57933E+12,0.995701,0.076145,28.12385,0,0,0,TRUE
2020-01-18T07:36:00Z,-360,1.57933E+12,0.991459,0.066373,26.764833,0,0,0,TRUE
2020-01-18T07:37:00Z,-360,1.57933E+12,0.991001,0.065726,25.7671,0,0,0,FALSE
2020-01-18T07:38:00Z,-360,1.57933E+12,0.991185,0.066689,25.1007,0,0,0,FALSE
2020-01-18T07:39:00Z,-360,1.57933E+12,0.990841,0.067021,24.473867,0,0,0,FALSE
2020-01-18T07:40:00Z,-360,1.57933E+12,0.990815,0.066178,23.925167,0,0,0,FALSE
2020-01-18T07:41:00Z,-360,1.57933E+12,0.990707,0.066891,23.36985,0,0,0,FALSE
2020-01-18T07:42:00Z,-360,1.57933E+12,0.99058,0.066205,22.85345,0,0,0,FALSE
2020-01-18T07:43:00Z,-360,1.57933E+12,0.990374,0.066908,22.320717,0,0,0,FALSE
2020-01-18T07:44:00Z,-360,1.57933E+12,0.990716,0.066923,21.8999,0,0,0,FALSE
2020-01-18T07:45:00Z,-360,1.57933E+12,0.990308,0.067959,21.51525,0,0,0,FALSE
2020-01-18T07:46:00Z,-360,1.57933E+12,0.990453,0.068415,21.286333,0,0,0,FALSE
2020-01-18T07:47:00Z,-360,1.57933E+12,0.990281,0.066972,21.2318,0,0,0,FALSE
2020-01-18T07:48:00Z,-360,1.57933E+12,0.990017,0.065682,21.165533,0,0,0,FALSE
2020-01-18T07:49:00Z,-360,1.57933E+12,0.990136,0.063475,21.087017,0,0,0,FALSE
2020-01-18T07:50:00Z,-360,1.57933E+12,0.989917,0.06329,21.005617,0,0,0,FALSE
2020-01-18T07:51:00Z,-360,1.57933E+12,0.989966,0.064338,20.937483,0,0,0,FALSE
2020-01-18T07:52:00Z,-360,1.57933E+12,0.989921,0.06402,20.8714,0,0,0,FALSE
2020-01-18T07:53:00Z,-360,1.57933E+12,0.98979,0.066062,20.803717,0,0,0,FALSE
2020-01-18T07:54:00Z,-360,1.57933E+12,0.989976,0.065016,20.740683,0,0,0,FALSE
2020-01-18T07:55:00Z,-360,1.57933E+12,0.990268,0.065113,20.650567,0,0,0,FALSE
2020-01-18T07:56:00Z,-360,1.57933E+12,0.989975,0.064704,20.538633,0,0,0,FALSE
2020-01-18T07:57:00Z,-360,1.57933E+12,1.019253,0.064145,20.8436,17,23,0,FALSE
2020-01-18T07:58:00Z,-360,1.57933E+12,0.916974,0.065936,25.094983,0,0,0,FALSE
2020-01-18T07:59:00Z,-360,1.57933E+12,0.961395,0.074405,25.756467,0,0,0,TRUE
2020-01-18T08:00:00Z,-360,1.57933E+12,0.9619,0.082397,26.197517,0,0,0,TRUE
2020-01-18T08:01:00Z,-360,1.57933E+12,0.970773,0.090215,26.500517,0,0,0,TRUE
2020-01-18T08:02:00Z,-360,1.57933E+12,0.954202,0.098143,26.816083,17,48,0,TRUE
2020-01-18T08:03:00Z,-360,1.57933E+12,0.924052,0.09208,27.105017,0,0,0,TRUE
2020-01-18T08:04:00Z,-360,1.57933E+12,0.937778,0.108112,27.347083,0,0,0,TRUE
2020-01-18T08:05:00Z,-360,1.57933E+12,0.910605,0.100257,27.459467,0,0,0,TRUE
2020-01-18T08:06:00Z,-360,1.57933E+12,0.956259,0.105764,27.537133,0,0,0,TRUE
2020-01-18T08:07:00Z,-360,1.57933E+12,0.926472,0.11085,27.601733,0,0,0,TRUE
2020-01-18T08:08:00Z,-360,1.57933E+12,0.906458,0.110527,27.637683,0,0,0,TRUE
2020-01-18T08:09:00Z,-360,1.57933E+12,0.911307,0.116205,27.69345,0,0,0,TRUE
2020-01-18T08:10:00Z,-360,1.57934E+12,0.917411,0.116,27.8017,0,0,0,TRUE
2020-01-18T08:11:00Z,-360,1.57934E+12,0.920822,0.114682,27.828217,0,0,0,TRUE
2020-01-18T08:12:00Z,-360,1.57934E+12,0.93057,0.11638,27.83915,0,0,0,TRUE
2020-01-18T08:13:00Z,-360,1.57934E+12,0.935572,0.119515,27.778983,0,0,0,TRUE
2020-01-18T08:14:00Z,-360,1.57934E+12,0.923594,0.119501,27.706583,0,0,0,TRUE
2020-01-18T08:15:00Z,-360,1.57934E+12,0.919779,0.120667,27.6827,0,0,0,TRUE
2020-01-18T08:16:00Z,-360,1.57934E+12,0.921822,0.12296,27.6872,0,0,0,TRUE
2020-01-18T08:17:00Z,-360,1.57934E+12,0.912628,0.127235,27.690033,0,0,0,TRUE
2020-01-18T08:18:00Z,-360,1.57934E+12,0.916407,0.130631,27.724567,0,0,0,TRUE
2020-01-18T08:19:00Z,-360,1.57934E+12,0.917689,0.128584,27.785,0,0,0,TRUE
2020-01-18T08:20:00Z,-360,1.57934E+12,0.916042,0.124582,27.752867,0,0,0,TRUE
2020-01-18T08:21:00Z,-360,1.57934E+12,0.917402,0.125726,27.751933,0,0,0,TRUE
2020-01-18T08:22:00Z,-360,1.57934E+12,0.919197,0.129057,27.7496,0,0,0,TRUE
2020-01-18T08:23:00Z,-360,1.57934E+12,0.922671,0.127862,27.745433,0,0,0,TRUE
2020-01-18T08:24:00Z,-360,1.57934E+12,0.917031,0.132111,27.805317,0,0,0,TRUE
2020-01-18T08:25:00Z,-360,1.57934E+12,0.945225,0.133162,27.813017,0,0,0,TRUE
2020-01-18T08:26:00Z,-360,1.57934E+12,0.925478,0.129948,27.77895,0,0,0,TRUE
2020-01-18T08:27:00Z,-360,1.57934E+12,0.904695,0.127222,27.705717,0,0,0,TRUE
2020-01-18T08:28:00Z,-360,1.57934E+12,0.903134,0.129679,27.650183,0,0,0,TRUE
2020-01-18T08:29:00Z,-360,1.57934E+12,0.902853,0.132982,27.588467,0,0,0,TRUE
2020-01-18T08:30:00Z,-360,1.57934E+12,0.903443,0.136069,27.5444,0,0,0,TRUE
2020-01-18T08:31:00Z,-360,1.57934E+12,0.90204,0.137809,27.511,0,0,0,TRUE
2020-01-18T08:32:00Z,-360,1.57934E+12,0.901363,0.134878,27.486217,0,0,0,TRUE
2020-01-18T08:33:00Z,-360,1.57934E+12,0.90427,0.137936,27.50965,0,0,0,TRUE
2020-01-18T08:34:00Z,-360,1.57934E+12,0.911934,0.107604,27.5125,0,0,0,TRUE
2020-01-18T08:35:00Z,-360,1.57934E+12,0.898756,0.11384,27.55225,0,0,0,TRUE
2020-01-18T08:36:00Z,-360,1.57934E+12,1.055669,0.188011,27.6634,0,0,0,TRUE
2020-01-18T08:37:00Z,-360,1.57934E+12,1.117163,0.257924,27.877183,0,0,0,TRUE
2020-01-18T08:38:00Z,-360,1.57934E+12,0.897448,0.158181,27.942783,0,0,0,TRUE
2020-01-18T08:39:00Z,-360,1.57934E+12,0.909859,0.139969,27.975133,0,0,0,TRUE
2020-01-18T08:40:00Z,-360,1.57934E+12,0.918551,0.132832,27.9288,0,0,0,TRUE
2020-01-18T08:41:00Z,-360,1.57934E+12,0.901163,0.135591,27.89,0,0,0,TRUE
2020-01-18T08:42:00Z,-360,1.57934E+12,0.902466,0.137623,27.82765,0,0,0,TRUE
2020-01-18T08:43:00Z,-360,1.57934E+12,0.903574,0.138839,27.768883,0,0,0,TRUE
2020-01-18T08:44:00Z,-360,1.57934E+12,0.901395,0.139181,27.767483,0,0,0,TRUE
2020-01-18T08:45:00Z,-360,1.57934E+12,0.898774,0.138829,27.725017,0,0,0,TRUE
2020-01-18T08:46:00Z,-360,1.57934E+12,0.898256,0.139135,27.7137,0,0,0,TRUE
2020-01-18T08:47:00Z,-360,1.57934E+12,0.901393,0.14002,27.705333,0,0,0,TRUE
2020-01-18T08:48:00Z,-360,1.57934E+12,0.902619,0.142984,27.689933,0,0,0,TRUE
2020-01-18T08:49:00Z,-360,1.57934E+12,0.916891,0.15268,27.7368,0,0,0,TRUE
2020-01-18T08:50:00Z,-360,1.57934E+12,0.894365,0.143073,27.73545,0,0,0,TRUE
2020-01-18T08:51:00Z,-360,1.57934E+12,0.895235,0.145733,27.747733,0,0,0,TRUE
2020-01-18T08:52:00Z,-360,1.57934E+12,0.896435,0.147858,27.761733,0,0,0,TRUE
2020-01-18T08:53:00Z,-360,1.57934E+12,0.923128,0.145551,27.77965,0,0,0,TRUE
2020-01-18T08:54:00Z,-360,1.57934E+12,0.94517,0.130929,27.8524,0,0,0,TRUE
2020-01-18T08:55:00Z,-360,1.57934E+12,0.901924,0.134007,27.845583,0,0,0,TRUE
2020-01-18T08:56:00Z,-360,1.57934E+12,0.8938,0.124051,27.765733,0,0,0,TRUE
2020-01-18T08:57:00Z,-360,1.57934E+12,0.894213,0.124391,27.710283,0,0,0,TRUE
2020-01-18T08:58:00Z,-360,1.57934E+12,0.897934,0.120868,27.651067,0,0,0,TRUE
2020-01-18T08:59:00Z,-360,1.57934E+12,0.907353,0.122636,27.6556,0,0,0,TRUE
2020-01-18T09:00:00Z,-360,1.57934E+12,0.905842,0.075451,27.530267,0,0,0,TRUE
2020-01-18T09:01:00Z,-360,1.57934E+12,0.91239,0.088095,27.49045,0,0,0,TRUE
2020-01-18T09:02:00Z,-360,1.57934E+12,0.9156,0.106699,27.58065,0,0,0,TRUE
2020-01-18T09:03:00Z,-360,1.57934E+12,0.906298,0.111282,27.674167,0,0,0,TRUE
2020-01-18T09:04:00Z,-360,1.57934E+12,0.906969,0.111736,27.714467,0,0,0,TRUE
2020-01-18T09:05:00Z,-360,1.57934E+12,0.910214,0.109415,27.696,0,0,0,TRUE
2020-01-18T09:06:00Z,-360,1.57934E+12,0.920352,0.107526,27.703917,0,0,0,TRUE
2020-01-18T09:07:00Z,-360,1.57934E+12,0.929997,0.107426,27.68585,0,0,0,TRUE
2020-01-18T09:08:00Z,-360,1.57934E+12,0.935213,0.10731,27.6521,0,0,0,TRUE
2020-01-18T09:09:00Z,-360,1.57934E+12,0.919472,0.111844,27.606683,0,0,0,TRUE
2020-01-18T09:10:00Z,-360,1.57934E+12,0.902216,0.115657,27.547733,0,0,0,TRUE
2020-01-18T09:11:00Z,-360,1.57934E+12,0.90267,0.125107,27.510533,0,0,0,TRUE
2020-01-18T09:12:00Z,-360,1.57934E+12,0.926302,0.14927,27.613433,0,0,0,TRUE
2020-01-18T09:13:00Z,-360,1.57934E+12,0.93439,0.138761,27.702983,0,0,0,TRUE
2020-01-18T09:14:00Z,-360,1.57934E+12,0.919248,0.154639,27.765683,0,0,0,TRUE
2020-01-18T09:15:00Z,-360,1.57934E+12,0.937365,0.144593,27.80935,0,0,0,TRUE
2020-01-18T09:16:00Z,-360,1.57934E+12,0.920428,0.13579,27.845583,0,0,0,TRUE
2020-01-18T09:17:00Z,-360,1.57934E+12,0.939921,0.140491,27.90365,12,0,0,TRUE
2020-01-18T09:18:00Z,-360,1.57934E+12,0.921158,0.161846,28.001117,0,0,0,TRUE
2020-01-18T09:19:00Z,-360,1.57934E+12,0.942412,0.145003,28.10395,0,0,0,TRUE
2020-01-18T09:20:00Z,-360,1.57934E+12,0.984102,0.143448,28.205067,0,0,0,TRUE
2020-01-18T09:21:00Z,-360,1.57934E+12,1.005004,0.145414,28.1674,0,0,0,TRUE
2020-01-18T09:22:00Z,-360,1.57934E+12,0.973282,0.151597,28.15885,0,0,0,TRUE
2020-01-18T09:23:00Z,-360,1.57934E+12,1.019741,0.152282,28.10125,33,46,0,TRUE
2020-01-18T09:24:00Z,-360,1.57934E+12,1.023073,0.164428,28.14355,18,31,0,TRUE
2020-01-18T09:25:00Z,-360,1.57934E+12,1.017327,0.155386,28.229817,33,48,0,TRUE
2020-01-18T09:26:00Z,-360,1.57934E+12,0.998073,0.155568,28.27145,25,38,0,TRUE
2020-01-18T09:27:00Z,-360,1.57934E+12,1.006939,0.179872,28.43075,38,56,0,TRUE
2020-01-18T09:28:00Z,-360,1.57934E+12,0.940801,0.163809,28.653767,0,0,0,TRUE
2020-01-18T09:29:00Z,-360,1.57934E+12,0.967293,0.164226,28.80165,14,0,0,TRUE
2020-01-18T09:30:00Z,-360,1.57934E+12,0.996236,0.196854,28.89345,0,0,0,TRUE
2020-01-18T09:31:00Z,-360,1.57934E+12,1.024347,0.182065,28.94655,45,52,0,TRUE
2020-01-18T09:32:00Z,-360,1.57934E+12,0.955493,0.172438,29.084,33,36,0,TRUE
2020-01-18T09:33:00Z,-360,1.57934E+12,0.9426,0.284233,29.179,17,39,0,TRUE
2020-01-18T09:34:00Z,-360,1.57934E+12,0.940687,0.253817,29.2611,11,0,0,TRUE
2020-01-18T09:35:00Z,-360,1.57934E+12,0.91829,0.235356,29.32245,0,0,0,TRUE
2020-01-18T09:36:00Z,-360,1.57934E+12,0.905614,0.230698,29.3076,0,0,0,TRUE
2020-01-18T09:37:00Z,-360,1.57934E+12,0.936836,0.239103,29.355183,0,0,0,TRUE
2020-01-18T09:38:00Z,-360,1.57934E+12,0.922216,0.24258,29.4227,0,0,0,TRUE
2020-01-18T09:39:00Z,-360,1.57934E+12,0.943047,0.24219,29.4859,10,0,0,TRUE
2020-01-18T09:40:00Z,-360,1.57934E+12,0.934652,0.25064,29.576783,0,0,0,TRUE
2020-01-18T09:41:00Z,-360,1.57934E+12,0.924304,0.271758,29.749017,0,0,0,TRUE
2020-01-18T09:42:00Z,-360,1.57934E+12,0.928127,0.26403,29.8012,0,0,0,TRUE
2020-01-18T09:43:00Z,-360,1.57934E+12,0.91217,0.236863,29.7126,0,0,0,TRUE
2020-01-18T09:44:00Z,-360,1.57934E+12,0.923246,0.240438,29.7509,0,0,0,TRUE
2020-01-18T09:45:00Z,-360,1.57934E+12,0.900243,0.23559,29.750083,0,0,0,TRUE
2020-01-18T09:46:00Z,-360,1.57934E+12,0.916523,0.232888,29.7738,0,0,0,TRUE
2020-01-18T09:47:00Z,-360,1.57934E+12,0.919623,0.246032,29.82865,0,0,0,TRUE
2020-01-18T09:48:00Z,-360,1.57934E+12,0.926721,0.253427,29.878017,0,0,0,TRUE
2020-01-18T09:49:00Z,-360,1.57934E+12,0.944169,0.270775,29.89175,0,0,0,TRUE
2020-01-18T09:50:00Z,-360,1.57934E+12,0.950852,0.26064,29.9154,0,0,0,TRUE
2020-01-18T09:51:00Z,-360,1.57934E+12,0.924478,0.267377,29.9118,0,0,0,TRUE
2020-01-18T09:52:00Z,-360,1.57934E+12,0.92514,0.25332,29.861467,0,0,0,TRUE
2020-01-18T09:53:00Z,-360,1.57934E+12,0.89441,0.250992,29.777383,0,0,0,TRUE
2020-01-18T09:54:00Z,-360,1.57934E+12,0.933907,0.256745,29.743483,0,0,0,TRUE
2020-01-18T09:55:00Z,-360,1.57934E+12,0.901668,0.253722,29.70545,26,50,0,TRUE
2020-01-18T09:56:00Z,-360,1.57934E+12,0.946338,0.257997,29.590117,0,0,0,TRUE
2020-01-18T09:57:00Z,-360,1.57934E+12,0.951005,0.262266,29.5852,14,36,0,TRUE
2020-01-18T09:58:00Z,-360,1.57934E+12,0.997681,0.263594,29.58005,17,48,0,TRUE
2020-01-18T09:59:00Z,-360,1.57934E+12,0.988198,0.26367,29.5877,11,39,0,TRUE
2020-01-18T10:00:00Z,-360,1.57934E+12,1.002934,0.268844,29.65685,0,0,0,TRUE
2020-01-18T10:01:00Z,-360,1.57934E+12,0.985488,0.271321,29.6942,15,32,0,TRUE
2020-01-18T10:02:00Z,-360,1.57934E+12,0.958722,0.275247,29.757183,14,46,0,TRUE
2020-01-18T10:03:00Z,-360,1.57934E+12,0.930644,0.276201,29.8264,0,0,0,TRUE
2020-01-18T10:04:00Z,-360,1.57934E+12,0.973724,0.28122,29.860267,35,39,0,TRUE
2020-01-18T10:05:00Z,-360,1.57934E+12,0.961151,0.282954,29.9388,22,51,0,TRUE
2020-01-18T10:06:00Z,-360,1.57934E+12,0.964849,0.289647,29.996717,27,40,0,TRUE
2020-01-18T10:07:00Z,-360,1.57934E+12,0.970878,0.291903,30.0421,0,0,0,TRUE
2020-01-18T10:08:00Z,-360,1.57934E+12,0.984135,0.296512,30.070983,25,49,0,TRUE
2020-01-18T10:09:00Z,-360,1.57934E+12,0.940678,0.302659,30.133617,0,0,0,TRUE
2020-01-18T10:10:00Z,-360,1.57934E+12,0.934897,0.302333,30.174483,0,0,0,TRUE
2020-01-18T10:11:00Z,-360,1.57934E+12,0.937586,0.320689,30.112,0,0,0,TRUE
2020-01-18T10:12:00Z,-360,1.57934E+12,0.933778,0.35193,30.116917,0,0,0,TRUE
2020-01-18T10:13:00Z,-360,1.57934E+12,0.995482,0.345459,30.15665,39,48,0,TRUE
2020-01-18T10:14:00Z,-360,1.57934E+12,1.079931,0.338865,30.188233,66,58,0,TRUE
2020-01-18T10:15:00Z,-360,1.57934E+12,0.96138,0.329534,30.1852,20,38,0,TRUE
2020-01-18T10:16:00Z,-360,1.57934E+12,0.954161,0.318932,30.1616,0,0,0,TRUE
2020-01-18T10:17:00Z,-360,1.57934E+12,0.94002,0.318556,30.066167,0,0,0,TRUE
2020-01-18T10:18:00Z,-360,1.57934E+12,0.911275,0.330686,30.04705,0,0,0,TRUE
2020-01-18T10:19:00Z,-360,1.57934E+12,0.919909,0.330167,30.113317,0,0,0,TRUE
2020-01-18T10:20:00Z,-360,1.57934E+12,0.918683,0.329409,30.313317,0,0,0,TRUE
2020-01-18T10:21:00Z,-360,1.57934E+12,0.938098,0.332119,30.518683,0,0,0,TRUE
2020-01-18T10:22:00Z,-360,1.57934E+12,0.917482,0.327661,30.6476,0,0,0,TRUE
2020-01-18T10:23:00Z,-360,1.57934E+12,0.915572,0.331327,30.777833,0,0,0,TRUE
2020-01-18T10:24:00Z,-360,1.57934E+12,0.958529,0.332986,30.89965,0,0,0,TRUE
2020-01-18T10:25:00Z,-360,1.57934E+12,0.936093,0.325919,30.992917,0,0,0,TRUE
2020-01-18T10:26:00Z,-360,1.57934E+12,0.931328,0.327987,31.0949,0,0,0,TRUE
2020-01-18T10:27:00Z,-360,1.57934E+12,0.924903,0.32678,31.15615,0,0,0,TRUE
2020-01-18T10:28:00Z,-360,1.57934E+12,0.940318,0.329128,31.197733,0,0,0,TRUE
2020-01-18T10:29:00Z,-360,1.57934E+12,0.949355,0.326979,31.217667,0,0,0,TRUE
2020-01-18T10:30:00Z,-360,1.57934E+12,0.923691,0.333202,31.244967,0,0,0,TRUE
2020-01-18T10:31:00Z,-360,1.57934E+12,0.935825,0.326597,31.248,0,0,0,TRUE
2020-01-18T10:32:00Z,-360,1.57934E+12,0.972434,0.215271,31.21405,0,0,0,TRUE
2020-01-18T10:33:00Z,-360,1.57934E+12,0.980955,0.06835,31.049833,0,0,0,FALSE
2020-01-18T10:34:00Z,-360,1.57934E+12,0.971755,0.068989,31.003517,0,0,0,FALSE
2020-01-18T10:35:00Z,-360,1.57934E+12,0.958036,0.067986,30.980467,0,0,0,FALSE
2020-01-18T10:36:00Z,-360,1.57934E+12,0.933364,0.06885,31.00805,0,0,0,FALSE
2020-01-18T10:37:00Z,-360,1.57934E+12,0.927633,0.069743,31.0049,0,0,0,FALSE
2020-01-18T10:38:00Z,-360,1.57934E+12,0.919862,0.070287,31.012017,0,0,0,TRUE
2020-01-18T10:39:00Z,-360,1.57934E+12,0.943283,0.070051,30.991967,0,0,0,TRUE
2020-01-18T10:40:00Z,-360,1.57934E+12,0.943726,0.070801,31.014267,0,0,0,TRUE
2020-01-18T10:41:00Z,-360,1.57934E+12,0.94154,0.071628,31.045933,0,0,0,TRUE
2020-01-18T10:42:00Z,-360,1.57934E+12,0.937093,0.072193,31.077567,0,0,0,TRUE
2020-01-18T10:43:00Z,-360,1.57934E+12,0.952406,0.072043,31.108333,0,0,0,TRUE
2020-01-18T10:44:00Z,-360,1.57934E+12,0.96517,0.071536,31.0572,0,0,0,TRUE
2020-01-18T10:45:00Z,-360,1.57934E+12,0.951462,0.071595,31.0312,0,0,0,TRUE
2020-01-18T10:46:00Z,-360,1.57934E+12,0.954576,0.072105,31.044633,0,0,0,TRUE
2020-01-18T10:47:00Z,-360,1.57934E+12,0.970134,0.073728,31.135583,0,0,0,TRUE
2020-01-18T10:48:00Z,-360,1.57934E+12,0.995699,0.070865,31.16005,21,40,0,TRUE
2020-01-18T10:49:00Z,-360,1.57934E+12,0.942825,0.074238,31.060233,0,0,0,TRUE
2020-01-18T10:50:00Z,-360,1.57934E+12,0.913215,0.075132,31.0611,0,0,0,TRUE
2020-01-18T10:51:00Z,-360,1.57934E+12,0.919672,0.076953,31.041167,0,0,0,TRUE
2020-01-18T10:52:00Z,-360,1.57934E+12,0.904085,0.076532,31.018617,0,0,0,TRUE
2020-01-18T10:53:00Z,-360,1.57934E+12,0.90514,0.080853,31.04185,0,0,0,TRUE
2020-01-18T10:54:00Z,-360,1.57934E+12,0.933336,0.081544,31.042467,0,0,0,TRUE
2020-01-18T10:55:00Z,-360,1.57934E+12,0.931569,0.08391,31.067167,0,0,0,TRUE
2020-01-18T10:56:00Z,-360,1.57934E+12,0.966619,0.083193,31.0637,0,0,0,TRUE
2020-01-18T10:57:00Z,-360,1.57935E+12,0.910698,0.088993,31.061533,0,0,0,TRUE
2020-01-18T10:58:00Z,-360,1.57935E+12,0.897382,0.09166,31.045933,0,0,0,TRUE
2020-01-18T10:59:00Z,-360,1.57935E+12,0.894027,0.094329,31.078867,0,0,0,TRUE
2020-01-18T11:00:00Z,-360,1.57935E+12,0.888701,0.085207,31.082333,0,0,0,TRUE
2020-01-18T11:01:00Z,-360,1.57935E+12,0.932797,0.093465,31.106167,0,0,0,TRUE
2020-01-18T11:02:00Z,-360,1.57935E+12,0.945045,0.088599,31.089267,0,0,0,TRUE
2020-01-18T11:03:00Z,-360,1.57935E+12,0.957664,0.087868,31.1066,0,0,0,TRUE
2020-01-18T11:04:00Z,-360,1.57935E+12,0.947761,0.088358,31.104867,0,0,0,TRUE
2020-01-18T11:05:00Z,-360,1.57935E+12,0.920904,0.08961,31.099667,0,0,0,TRUE
2020-01-18T11:06:00Z,-360,1.57935E+12,0.890058,0.090407,31.15205,0,0,0,TRUE
2020-01-18T11:07:00Z,-360,1.57935E+12,0.896511,0.095447,31.185167,0,0,0,TRUE
2020-01-18T11:08:00Z,-360,1.57935E+12,0.942925,0.100852,31.2038,0,0,0,TRUE
2020-01-18T11:09:00Z,-360,1.57935E+12,0.936537,0.100494,31.1341,0,0,0,TRUE
2020-01-18T11:10:00Z,-360,1.57935E+12,0.889845,0.096603,31.099667,0,0,0,TRUE
2020-01-18T11:11:00Z,-360,1.57935E+12,0.923729,0.099129,31.113533,0,0,0,TRUE
2020-01-18T11:12:00Z,-360,1.57935E+12,0.936645,0.0966,31.073233,19,34,0,TRUE
2020-01-18T11:13:00Z,-360,1.57935E+12,0.904981,0.091256,30.98585,0,0,0,TRUE
2020-01-18T11:14:00Z,-360,1.57935E+12,0.918495,0.086177,30.94295,0,0,0,TRUE
2020-01-18T11:15:00Z,-360,1.57935E+12,0.911336,0.086664,30.946067,0,0,0,TRUE
2020-01-18T11:16:00Z,-360,1.57935E+12,0.910008,0.086258,30.9827,0,0,0,TRUE
2020-01-18T11:17:00Z,-360,1.57935E+12,0.909329,0.085303,31.0442,0,0,0,TRUE
2020-01-18T11:18:00Z,-360,1.57935E+12,0.902666,0.082005,31.117,0,0,0,TRUE
2020-01-18T11:19:00Z,-360,1.57935E+12,0.897604,0.078163,31.124367,0,0,0,TRUE
2020-01-18T11:20:00Z,-360,1.57935E+12,0.897877,0.078744,31.121333,0,0,0,TRUE
2020-01-18T11:21:00Z,-360,1.57935E+12,0.897463,0.079562,31.142267,0,0,0,TRUE
2020-01-18T11:22:00Z,-360,1.57935E+12,0.897091,0.078159,31.1655,0,0,0,TRUE
2020-01-18T11:23:00Z,-360,1.57935E+12,0.893148,0.07955,31.216367,0,0,0,TRUE
2020-01-18T11:24:00Z,-360,1.57935E+12,0.891423,0.080484,31.228933,0,0,0,TRUE
2020-01-18T11:25:00Z,-360,1.57935E+12,0.892021,0.07829,31.222,0,0,0,TRUE
2020-01-18T11:26:00Z,-360,1.57935E+12,0.891978,0.076464,31.2077,0,0,0,TRUE
2020-01-18T11:27:00Z,-360,1.57935E+12,0.889997,0.077652,31.222433,0,0,0,TRUE
2020-01-18T11:28:00Z,-360,1.57935E+12,0.891738,0.079544,31.251033,0,0,0,TRUE
2020-01-18T11:29:00Z,-360,1.57935E+12,0.89323,0.077508,31.247133,0,0,0,TRUE
2020-01-18T11:30:00Z,-360,1.57935E+12,0.891252,0.077945,31.2389,0,0,0,TRUE
2020-01-18T11:31:00Z,-360,1.57935E+12,0.90034,0.081438,31.2932,0,0,0,TRUE
2020-01-18T11:32:00Z,-360,1.57935E+12,0.973589,0.083504,31.326467,0,0,0,TRUE
2020-01-18T11:33:00Z,-360,1.57935E+12,0.952241,0.088619,31.321583,0,0,0,TRUE
2020-01-18T11:34:00Z,-360,1.57935E+12,0.927274,0.092127,31.287867,0,0,0,TRUE
2020-01-18T11:35:00Z,-360,1.57935E+12,0.919662,0.094771,31.284833,0,0,0,TRUE
2020-01-18T11:36:00Z,-360,1.57935E+12,0.889453,0.093793,31.2675,0,0,0,TRUE
2020-01-18T11:37:00Z,-360,1.57935E+12,0.888419,0.093929,31.239333,0,0,0,TRUE
2020-01-18T11:38:00Z,-360,1.57935E+12,0.933283,0.09536,31.239333,0,0,0,TRUE
2020-01-18T11:39:00Z,-360,1.57935E+12,0.974197,0.097412,31.2142,11,0,0,TRUE
2020-01-18T11:40:00Z,-360,1.57935E+12,0.992581,0.101658,31.1753,0,0,0,TRUE
2020-01-18T11:41:00Z,-360,1.57935E+12,1.001978,0.092189,31.090133,0,0,0,TRUE
2020-01-18T11:42:00Z,-360,1.57935E+12,0.987211,0.07264,31.045033,27,43,0,TRUE
2020-01-18T11:43:00Z,-360,1.57935E+12,1.039467,0.070866,30.939483,19,0,0,TRUE
2020-01-18T11:44:00Z,-360,1.57935E+12,0.953284,0.069792,30.905933,17,36,0,FALSE
2020-01-18T11:45:00Z,-360,1.57935E+12,0.934021,0.070233,30.813883,0,0,0,FALSE
2020-01-18T11:46:00Z,-360,1.57935E+12,0.911561,0.070862,30.812667,0,0,0,FALSE
2020-01-18T11:47:00Z,-360,1.57935E+12,0.887212,0.07206,30.817633,0,0,0,TRUE
2020-01-18T11:48:00Z,-360,1.57935E+12,0.907044,0.074566,30.823467,0,0,0,TRUE
2020-01-18T11:49:00Z,-360,1.57935E+12,0.92905,0.076128,30.880367,0,0,0,TRUE
2020-01-18T11:50:00Z,-360,1.57935E+12,0.913403,0.078589,30.971667,0,0,0,TRUE
2020-01-18T11:51:00Z,-360,1.57935E+12,0.95651,0.077384,31.0247,0,0,0,TRUE
2020-01-18T11:52:00Z,-360,1.57935E+12,0.947343,0.080019,31.0455,0,0,0,TRUE
2020-01-18T11:53:00Z,-360,1.57935E+12,0.937268,0.088299,31.0936,0,0,0,TRUE
2020-01-18T11:54:00Z,-360,1.57935E+12,0.972082,0.078176,31.086667,0,0,0,TRUE
2020-01-18T11:55:00Z,-360,1.57935E+12,1.038128,0.093308,31.068467,0,0,0,TRUE
2020-01-18T11:56:00Z,-360,1.57935E+12,1.025809,0.101038,30.953133,0,0,0,TRUE
2020-01-18T11:57:00Z,-360,1.57935E+12,1.032697,0.110442,30.843,0,0,0,TRUE
2020-01-18T11:58:00Z,-360,1.57935E+12,1.03367,0.116857,30.823213,0,0,0,TRUE
2020-01-18T11:59:00Z,-360,1.57935E+12,1.039828,0.124649,30.604034,0,0,0,TRUE
2020-01-18T12:00:00Z,-360,1.57935E+12,1.043082,0.128049,30.52485,0,0,0,TRUE
2020-01-18T12:01:00Z,-360,1.57935E+12,0.981995,0.113795,30.492033,0,0,0,TRUE
2020-01-18T12:02:00Z,-360,1.57935E+12,0.916927,0.093212,30.78035,0,0,0,TRUE
2020-01-18T12:03:00Z,-360,1.57935E+12,0.917891,0.092332,30.995,0,0,0,TRUE
2020-01-18T12:04:00Z,-360,1.57935E+12,0.919122,0.092484,31.106183,0,0,0,TRUE
2020-01-18T12:05:00Z,-360,1.57935E+12,0.915686,0.090881,31.18465,0,0,0,TRUE
2020-01-18T12:06:00Z,-360,1.57935E+12,0.942006,0.093406,31.2519,0,0,0,TRUE
2020-01-18T12:07:00Z,-360,1.57935E+12,0.915378,0.089009,31.2597,0,0,0,TRUE
2020-01-18T12:08:00Z,-360,1.57935E+12,0.921927,0.083587,31.1869,0,0,0,TRUE
2020-01-18T12:09:00Z,-360,1.57935E+12,0.923601,0.081882,31.201729,0,0,0,TRUE
2020-01-18T12:10:00Z,-360,1.57935E+12,0.921161,0.081896,31.246267,0,0,0,TRUE
2020-01-18T12:11:00Z,-360,1.57935E+12,0.919922,0.080665,31.291475,0,0,0,TRUE
2020-01-18T12:12:00Z,-360,1.57935E+12,0.912103,0.081967,31.3108,0,0,0,TRUE
2020-01-18T12:13:00Z,-360,1.57935E+12,0.911409,0.081999,31.327367,0,0,0,TRUE
2020-01-18T12:14:00Z,-360,1.57935E+12,0.91146,0.081874,31.362533,0,0,0,TRUE
2020-01-18T12:15:00Z,-360,1.57935E+12,0.912497,0.081993,31.386367,0,0,1,TRUE
2020-01-18T12:16:00Z,-360,1.57935E+12,0.912237,0.081966,31.413233,0,0,1,TRUE
2020-01-18T12:17:00Z,-360,1.57935E+12,0.955213,0.085215,31.464183,0,0,2,TRUE
2020-01-18T12:18:00Z,-360,1.57935E+12,0.936386,0.092723,31.5035,0,0,2,TRUE
2020-01-18T12:19:00Z,-360,1.57935E+12,0.935488,0.100165,31.536,0,0,1,TRUE
2020-01-18T12:20:00Z,-360,1.57935E+12,0.920178,0.096371,31.5451,0,0,2,TRUE
2020-01-18T12:21:00Z,-360,1.57935E+12,0.920183,0.093081,31.532967,0,0,1,TRUE
2020-01-18T12:22:00Z,-360,1.57935E+12,0.920665,0.095145,31.541633,0,0,1,TRUE
2020-01-18T12:23:00Z,-360,1.57935E+12,0.919978,0.094719,31.540767,0,0,1,TRUE
2020-01-18T12:24:00Z,-360,1.57935E+12,0.920823,0.092207,31.474317,0,0,1,TRUE
2020-01-18T12:25:00Z,-360,1.57935E+12,0.92121,0.091094,31.390283,0,0,1,TRUE
2020-01-18T12:26:00Z,-360,1.57935E+12,0.921441,0.091791,31.313933,0,0,1,TRUE
2020-01-18T12:27:00Z,-360,1.57935E+12,0.921764,0.089126,31.242367,0,0,1,TRUE
2020-01-18T12:28:00Z,-360,1.57935E+12,0.921856,0.087198,31.18645,0,0,1,TRUE
2020-01-18T12:29:00Z,-360,1.57935E+12,0.921689,0.086338,31.126583,0,0,1,TRUE
2020-01-18T12:30:00Z,-360,1.57935E+12,0.921346,0.086175,31.0793,0,0,1,TRUE
2020-01-18T12:31:00Z,-360,1.57935E+12,0.921381,0.087728,31.0312,0,0,1,TRUE
2020-01-18T12:32:00Z,-360,1.57935E+12,0.921616,0.088527,30.97705,0,0,1,TRUE
2020-01-18T12:33:00Z,-360,1.57935E+12,0.921759,0.088007,30.9227,0,0,1,TRUE
2020-01-18T12:34:00Z,-360,1.57935E+12,0.922164,0.087783,30.876667,0,0,1,TRUE
2020-01-18T12:35:00Z,-360,1.57935E+12,0.939108,0.08791,30.833983,0,0,2,TRUE
2020-01-18T12:36:00Z,-360,1.57935E+12,0.925977,0.118133,30.843133,0,0,1,TRUE
2020-01-18T12:37:00Z,-360,1.57935E+12,0.9285,0.111724,30.7778,0,0,2,TRUE
2020-01-18T12:38:00Z,-360,1.57935E+12,0.955807,0.082653,30.6864,0,0,1,TRUE
2020-01-18T12:39:00Z,-360,1.57935E+12,0.945644,0.085205,30.6173,0,0,1,TRUE
2020-01-18T12:40:00Z,-360,1.57935E+12,0.939397,0.087523,30.566733,0,0,1,TRUE
2020-01-18T12:41:00Z,-360,1.57935E+12,0.948022,0.092533,30.53915,0,0,1,TRUE
2020-01-18T12:42:00Z,-360,1.57935E+12,0.960556,0.097599,30.53655,0,0,1,TRUE
2020-01-18T12:43:00Z,-360,1.57935E+12,0.961232,0.104223,30.55795,0,0,1,TRUE
2020-01-18T12:44:00Z,-360,1.57935E+12,0.958243,0.111326,30.612533,0,0,1,TRUE
2020-01-18T12:45:00Z,-360,1.57935E+12,0.958403,0.124925,30.67625,0,0,2,TRUE
2020-01-18T12:46:00Z,-360,1.57935E+12,0.985384,0.11399,30.636633,0,0,2,TRUE
2020-01-18T12:47:00Z,-360,1.57935E+12,0.993201,0.114454,30.586617,0,0,2,TRUE
2020-01-18T12:48:00Z,-360,1.57935E+12,1.086543,0.09368,30.521733,0,0,2,TRUE
2020-01-18T12:49:00Z,-360,1.57935E+12,1.092541,0.086982,30.490417,0,0,2,TRUE
2020-01-18T12:50:00Z,-360,1.57935E+12,1.101292,0.073066,30.41755,0,0,2,TRUE
2020-01-18T12:51:00Z,-360,1.57935E+12,0.959399,0.091355,30.499217,0,0,2,TRUE
2020-01-18T12:52:00Z,-360,1.57935E+12,0.998918,0.085228,30.407733,0,0,2,TRUE
2020-01-18T12:53:00Z,-360,1.57935E+12,0.96642,0.073551,30.294317,0,0,2,TRUE
2020-01-18T12:54:00Z,-360,1.57935E+12,0.969197,0.073593,30.248733,0,0,2,TRUE
2020-01-18T12:55:00Z,-360,1.57935E+12,0.97171,0.078701,30.335333,0,0,1,TRUE
2020-01-18T12:56:00Z,-360,1.57935E+12,0.971514,0.08848,30.4071,0,0,1,TRUE
2020-01-18T12:57:00Z,-360,1.57935E+12,0.979221,0.088636,30.433167,0,0,1,TRUE
2020-01-18T12:58:00Z,-360,1.57935E+12,0.992913,0.085221,30.450383,0,0,1,TRUE
2020-01-18T12:59:00Z,-360,1.57935E+12,0.994659,0.086432,30.54605,0,0,2,TRUE
2020-01-18T13:00:00Z,-360,1.57935E+12,0.992377,0.086514,30.584917,0,0,1,TRUE
2020-01-18T13:01:00Z,-360,1.57935E+12,0.98237,0.084429,30.51155,0,0,1,TRUE
2020-01-18T13:02:00Z,-360,1.57935E+12,0.966588,0.088879,30.548051,0,0,2,TRUE
2020-01-18T13:03:00Z,-360,1.57935E+12,0.961552,0.092881,30.609623,0,0,1,TRUE
2020-01-18T13:04:00Z,-360,1.57935E+12,0.960079,0.096481,30.651533,0,0,1,TRUE
2020-01-18T13:05:00Z,-360,1.57935E+12,0.958394,0.095965,30.6924,0,0,1,TRUE
2020-01-18T13:06:00Z,-360,1.57935E+12,0.96297,0.095894,30.7067,0,0,1,TRUE
2020-01-18T13:07:00Z,-360,1.57935E+12,0.984707,0.096852,30.781883,0,0,1,TRUE
2020-01-18T13:08:00Z,-360,1.57935E+12,0.986737,0.098,30.8944,0,0,1,TRUE
2020-01-18T13:09:00Z,-360,1.57935E+12,0.9909,0.099192,30.986683,0,0,1,TRUE
2020-01-18T13:10:00Z,-360,1.57935E+12,0.992468,0.101492,31.077133,0,0,1,TRUE
2020-01-18T13:11:00Z,-360,1.57935E+12,0.993457,0.100877,31.1428,0,0,1,TRUE
2020-01-18T13:12:00Z,-360,1.57935E+12,0.993312,0.102444,31.1921,0,0,1,TRUE
2020-01-18T13:13:00Z,-360,1.57935E+12,0.993718,0.109471,31.229367,0,0,1,TRUE
2020-01-18T13:14:00Z,-360,1.57935E+12,0.99367,0.11385,31.271833,0,0,1,TRUE
2020-01-18T13:15:00Z,-360,1.57935E+12,0.993966,0.115661,31.30635,0,0,1,TRUE
2020-01-18T13:16:00Z,-360,1.57935E+12,0.994342,0.121483,31.333467,0,0,1,TRUE
2020-01-18T13:17:00Z,-360,1.57935E+12,0.995737,0.137761,31.366433,0,0,1,TRUE
2020-01-18T13:18:00Z,-360,1.57935E+12,1.000088,0.159848,31.395033,0,0,1,TRUE
2020-01-18T13:19:00Z,-360,1.57935E+12,0.997475,0.186131,31.424517,0,0,1,TRUE
2020-01-18T13:20:00Z,-360,1.57935E+12,0.996079,0.227581,31.4271,0,0,1,TRUE
2020-01-18T13:21:00Z,-360,1.57935E+12,0.997345,0.277971,31.43775,0,0,1,TRUE
2020-01-18T13:22:00Z,-360,1.57935E+12,0.997578,0.309428,31.455233,0,0,1,TRUE
2020-01-18T13:23:00Z,-360,1.57935E+12,0.996777,0.333551,31.4736,0,0,1,TRUE
2020-01-18T13:24:00Z,-360,1.57935E+12,0.998086,0.376848,31.4892,0,0,1,TRUE
2020-01-18T13:25:00Z,-360,1.57935E+12,0.99841,0.404306,31.526467,0,0,1,TRUE
2020-01-18T13:26:00Z,-360,1.57935E+12,0.998117,0.428457,31.5633,0,0,1,TRUE
2020-01-18T13:27:00Z,-360,1.57935E+12,0.999729,0.45505,31.5916,0,0,1,TRUE
2020-01-18T13:28:00Z,-360,1.57935E+12,0.999274,0.502841,31.6096,0,0,1,TRUE
2020-01-18T13:29:00Z,-360,1.57935E+12,0.998346,0.5529,31.6345,0,0,1,TRUE
2020-01-18T13:30:00Z,-360,1.57935E+12,0.998482,0.645418,31.6449,0,0,1,TRUE
2020-01-18T13:31:00Z,-360,1.57935E+12,0.998513,0.747023,31.654867,0,0,1,TRUE
2020-01-18T13:32:00Z,-360,1.57935E+12,0.997873,0.799018,31.6683,0,0,1,TRUE
2020-01-18T13:33:00Z,-360,1.57935E+12,0.998204,0.845712,31.683033,0,0,1,TRUE
2020-01-18T13:34:00Z,-360,1.57935E+12,0.998224,0.917729,31.696467,0,0,1,TRUE
2020-01-18T13:35:00Z,-360,1.57935E+12,0.998577,0.973088,31.699933,0,0,1,TRUE
2020-01-18T13:36:00Z,-360,1.57935E+12,0.998595,1.04483,31.696467,0,0,1,TRUE
2020-01-18T13:37:00Z,-360,1.57935E+12,0.96625,0.989007,31.684333,0,0,2,TRUE
2020-01-18T13:38:00Z,-360,1.57935E+12,0.99158,0.65644,31.512133,0,0,2,TRUE
2020-01-18T13:39:00Z,-360,1.57935E+12,1.025753,0.181381,31.100367,0,0,2,TRUE
2020-01-18T13:40:00Z,-360,1.57935E+12,0.958268,0.591084,31.1235,0,0,2,TRUE
2020-01-18T13:41:00Z,-360,1.57935E+12,1.075902,0.593588,31.191667,0,0,2,TRUE
2020-01-18T13:42:00Z,-360,1.57935E+12,1.036203,0.69388,31.2103,0,0,2,TRUE
2020-01-18T13:43:00Z,-360,1.57935E+12,1.066317,0.646674,31.15305,0,0,2,TRUE
2020-01-18T13:44:00Z,-360,1.57936E+12,1.072445,0.848253,31.027883,0,0,2,TRUE
2020-01-18T13:45:00Z,-360,1.57936E+12,1.022373,0.900486,30.887017,0,0,2,TRUE
2020-01-18T13:46:00Z,-360,1.57936E+12,0.935282,0.814751,30.794233,0,0,2,TRUE
2020-01-18T13:47:00Z,-360,1.57936E+12,1.104196,0.6018,30.6446,0,0,2,TRUE
2020-01-18T13:48:00Z,-360,1.57936E+12,1.120014,0.388816,30.459233,0,0,2,TRUE
2020-01-18T13:49:00Z,-360,1.57936E+12,1.118855,0.289414,30.310533,0,0,2,TRUE
2020-01-18T13:50:00Z,-360,1.57936E+12,1.031252,0.167589,30.1612,13,38,3,TRUE
2020-01-18T13:51:00Z,-360,1.57936E+12,0.992751,0.075257,29.8307,0,0,3,TRUE
2020-01-18T13:52:00Z,-360,1.57936E+12,0.995793,0.082006,29.806517,0,0,3,TRUE
2020-01-18T13:53:00Z,-360,1.57936E+12,1.096908,0.118475,30.038233,0,0,3,TRUE
2020-01-18T13:54:00Z,-360,1.57936E+12,0.903971,0.143151,30.20265,0,0,3,TRUE
2020-01-18T13:55:00Z,-360,1.57936E+12,0.889464,0.14799,30.27605,0,0,3,TRUE
2020-01-18T13:56:00Z,-360,1.57936E+12,0.888948,0.141209,30.3217,0,0,3,TRUE
2020-01-18T13:57:00Z,-360,1.57936E+12,1.029814,0.12349,30.342517,0,0,3,TRUE
2020-01-18T13:58:00Z,-360,1.57936E+12,1.073794,0.11224,30.3478,0,0,3,TRUE
2020-01-18T13:59:00Z,-360,1.57936E+12,1.064932,0.116306,30.315033,0,0,3,TRUE
2020-01-18T14:00:00Z,-360,1.57936E+12,1.075631,0.114108,30.266317,0,0,3,TRUE
2020-01-18T14:01:00Z,-360,1.57936E+12,1.082718,0.082762,30.20975,0,0,3,TRUE
2020-01-18T14:02:00Z,-360,1.57936E+12,1.040055,0.082906,30.215417,0,0,3,TRUE
2020-01-18T14:03:00Z,-360,1.57936E+12,0.953624,0.08824,30.310583,0,0,3,TRUE
2020-01-18T14:04:00Z,-360,1.57936E+12,0.955289,0.090937,30.34605,0,0,3,TRUE
2020-01-18T14:05:00Z,-360,1.57936E+12,0.954887,0.090357,30.38705,0,0,3,TRUE
2020-01-18T14:06:00Z,-360,1.57936E+12,0.955303,0.091762,30.433167,0,0,3,TRUE
2020-01-18T14:07:00Z,-360,1.57936E+12,0.955482,0.093113,30.475,0,0,3,TRUE
2020-01-18T14:08:00Z,-360,1.57936E+12,0.955344,0.094925,30.524417,0,0,3,TRUE
2020-01-18T14:09:00Z,-360,1.57936E+12,0.9567,0.101859,30.557083,0,0,3,TRUE
2020-01-18T14:10:00Z,-360,1.57936E+12,0.977247,0.098555,30.5391,0,0,3,TRUE
2020-01-18T14:11:00Z,-360,1.57936E+12,0.977192,0.098157,30.502283,0,0,3,TRUE
2020-01-18T14:12:00Z,-360,1.57936E+12,0.977256,0.097715,30.4683,0,0,3,TRUE
2020-01-18T14:13:00Z,-360,1.57936E+12,1.011246,0.096542,30.4271,0,0,3,TRUE
2020-01-18T14:14:00Z,-360,1.57936E+12,1.043973,0.095267,30.381417,0,0,3,TRUE
2020-01-18T14:15:00Z,-360,1.57936E+12,1.038168,0.093811,30.299517,0,0,3,TRUE
2020-01-18T14:16:00Z,-360,1.57936E+12,0.94073,0.093646,30.2516,0,0,3,TRUE
2020-01-18T14:17:00Z,-360,1.57936E+12,1.050066,0.086994,30.199683,0,0,3,TRUE
2020-01-18T14:18:00Z,-360,1.57936E+12,1.084234,0.079254,30.0952,0,0,3,TRUE
2020-01-18T14:19:00Z,-360,1.57936E+12,1.077959,0.079513,30.07835,0,0,3,TRUE
2020-01-18T14:20:00Z,-360,1.57936E+12,1.04353,0.08991,30.111983,0,0,3,TRUE
2020-01-18T14:21:00Z,-360,1.57936E+12,1.087407,0.090305,30.188233,0,0,3,TRUE
2020-01-18T14:22:00Z,-360,1.57936E+12,1.074944,0.093556,30.217533,0,0,3,TRUE
2020-01-18T14:23:00Z,-360,1.57936E+12,1.075161,0.099576,30.265533,0,0,3,TRUE
2020-01-18T14:24:00Z,-360,1.57936E+12,1.087275,0.115562,30.320333,0,0,3,TRUE
2020-01-18T14:25:00Z,-360,1.57936E+12,1.089251,0.103798,30.273467,0,0,3,TRUE
2020-01-18T14:26:00Z,-360,1.57936E+12,1.090514,0.099947,30.206483,0,0,3,TRUE
2020-01-18T14:27:00Z,-360,1.57936E+12,1.09688,0.099046,30.1917,0,0,3,TRUE
2020-01-18T14:28:00Z,-360,1.57936E+12,1.013847,0.110012,30.229933,0,0,3,TRUE
2020-01-18T14:29:00Z,-360,1.57936E+12,0.976802,0.11822,30.28235,0,0,3,TRUE
2020-01-18T14:30:00Z,-360,1.57936E+12,1.094476,0.100282,30.268233,19,0,3,TRUE
2020-01-18T14:31:00Z,-360,1.57936E+12,1.111264,0.095489,30.290683,0,0,3,TRUE
2020-01-18T14:32:00Z,-360,1.57936E+12,1.109571,0.091492,30.27245,0,0,3,TRUE
2020-01-18T14:33:00Z,-360,1.57936E+12,1.105644,0.09225,30.286367,0,0,3,TRUE
2020-01-18T14:34:00Z,-360,1.57936E+12,1.109596,0.09253,30.285417,0,0,3,TRUE
2020-01-18T14:35:00Z,-360,1.57936E+12,1.112236,0.089374,30.3093,0,0,3,TRUE
2020-01-18T14:36:00Z,-360,1.57936E+12,1.108959,0.096978,30.430983,0,0,3,TRUE
2020-01-18T14:37:00Z,-360,1.57936E+12,1.107154,0.098626,30.478117,0,0,3,TRUE
2020-01-18T14:38:00Z,-360,1.57936E+12,1.106965,0.099678,30.504483,0,0,3,TRUE
2020-01-18T14:39:00Z,-360,1.57936E+12,1.108108,0.096163,30.52215,0,0,3,TRUE
2020-01-18T14:40:00Z,-360,1.57936E+12,1.100955,0.102735,30.5593,0,0,3,TRUE
2020-01-18T14:41:00Z,-360,1.57936E+12,1.097385,0.11006,30.59555,0,0,3,TRUE
2020-01-18T14:42:00Z,-360,1.57936E+12,1.0979,0.112741,30.646633,0,0,3,TRUE
2020-01-18T14:43:00Z,-360,1.57936E+12,1.095463,0.111661,30.7491,0,0,3,TRUE
2020-01-18T14:44:00Z,-360,1.57936E+12,1.094864,0.115473,30.85705,0,0,3,TRUE
2020-01-18T14:45:00Z,-360,1.57936E+12,1.096414,0.113378,30.918233,0,0,3,TRUE
2020-01-18T14:46:00Z,-360,1.57936E+12,1.096668,0.112537,30.965933,0,0,3,TRUE
2020-01-18T14:47:00Z,-360,1.57936E+12,1.093908,0.116007,31.038983,0,0,3,TRUE
2020-01-18T14:48:00Z,-360,1.57936E+12,1.109179,0.099945,31.022367,0,0,3,TRUE
2020-01-18T14:49:00Z,-360,1.57936E+12,1.116479,0.093409,31.00175,0,0,3,TRUE
2020-01-18T14:50:00Z,-360,1.57936E+12,1.116175,0.09328,30.987383,0,0,3,TRUE
2020-01-18T14:51:00Z,-360,1.57936E+12,1.11691,0.092568,30.969867,0,0,3,TRUE
2020-01-18T14:52:00Z,-360,1.57936E+12,1.118199,0.089745,30.93095,0,0,3,TRUE
2020-01-18T14:53:00Z,-360,1.57936E+12,1.119027,0.085853,30.874533,0,0,3,TRUE
2020-01-18T14:54:00Z,-360,1.57936E+12,1.119077,0.0864,30.854433,0,0,3,TRUE
2020-01-18T14:55:00Z,-360,1.57936E+12,1.120788,0.085019,30.847067,0,0,3,TRUE
2020-01-18T14:56:00Z,-360,1.57936E+12,1.115221,0.09235,30.896492,0,0,3,TRUE
2020-01-18T14:57:00Z,-360,1.57936E+12,1.116918,0.090255,30.84705,0,0,3,TRUE
2020-01-18T14:58:00Z,-360,1.57936E+12,1.117678,0.089958,30.8284,0,0,3,TRUE
2020-01-18T14:59:00Z,-360,1.57936E+12,1.11803,0.089082,30.814917,0,0,3,TRUE
2020-01-18T15:00:00Z,-360,1.57936E+12,1.118495,0.088821,30.794067,0,0,3,TRUE
2020-01-18T15:01:00Z,-360,1.57936E+12,1.119097,0.087956,30.777567,0,0,3,TRUE
2020-01-18T15:02:00Z,-360,1.57936E+12,1.119218,0.086229,30.75565,0,0,3,TRUE
2020-01-18T15:03:00Z,-360,1.57936E+12,1.119263,0.087293,30.743233,0,0,3,TRUE
2020-01-18T15:04:00Z,-360,1.57936E+12,1.119247,0.089188,30.744983,0,0,3,TRUE
2020-01-18T15:05:00Z,-360,1.57936E+12,1.108307,0.091797,30.769467,0,0,3,TRUE
2020-01-18T15:06:00Z,-360,1.57936E+12,1.112353,0.096821,30.78665,0,0,3,TRUE
2020-01-18T15:07:00Z,-360,1.57936E+12,1.114288,0.096198,30.784883,0,0,3,TRUE
2020-01-18T15:08:00Z,-360,1.57936E+12,1.114246,0.094932,30.7561,0,0,3,TRUE
2020-01-18T15:09:00Z,-360,1.57936E+12,1.116447,0.093827,30.772717,0,0,3,TRUE
2020-01-18T15:10:00Z,-360,1.57936E+12,1.119669,0.092697,30.792767,0,0,3,TRUE
2020-01-18T15:11:00Z,-360,1.57936E+12,1.11925,0.093783,30.816733,0,0,3,TRUE
2020-01-18T15:12:00Z,-360,1.57936E+12,1.119406,0.091672,30.822117,0,0,3,TRUE
2020-01-18T15:13:00Z,-360,1.57936E+12,1.120082,0.09083,30.832517,0,0,3,TRUE
2020-01-18T15:14:00Z,-360,1.57936E+12,1.118654,0.088332,30.88555,0,0,3,TRUE
2020-01-18T15:15:00Z,-360,1.57936E+12,1.11888,0.090606,30.917833,0,0,3,TRUE
2020-01-18T15:16:00Z,-360,1.57936E+12,1.119359,0.090436,30.914783,0,0,3,TRUE
2020-01-18T15:17:00Z,-360,1.57936E+12,1.119413,0.089248,30.839883,0,0,3,TRUE
2020-01-18T15:18:00Z,-360,1.57936E+12,1.118667,0.088982,30.7518,0,0,3,TRUE
2020-01-18T15:19:00Z,-360,1.57936E+12,1.117853,0.094504,30.750783,0,0,3,TRUE
2020-01-18T15:20:00Z,-360,1.57936E+12,1.117512,0.099683,30.7023,0,0,1,TRUE
2020-01-18T15:21:00Z,-360,1.57936E+12,1.117382,0.101359,30.623933,0,0,1,TRUE
2020-01-18T15:22:00Z,-360,1.57936E+12,1.115348,0.095204,30.519133,0,0,2,TRUE
2020-01-18T15:23:00Z,-360,1.57936E+12,1.111228,0.082882,30.329583,0,0,1,TRUE
2020-01-18T15:24:00Z,-360,1.57936E+12,1.111333,0.081085,30.236017,0,0,1,TRUE
2020-01-18T15:25:00Z,-360,1.57936E+12,1.11208,0.080854,30.165383,0,0,1,TRUE
2020-01-18T15:26:00Z,-360,1.57936E+12,1.110564,0.080873,30.0714,0,0,2,TRUE
2020-01-18T15:27:00Z,-360,1.57936E+12,1.110584,0.080111,29.988333,0,0,1,TRUE
2020-01-18T15:28:00Z,-360,1.57936E+12,1.110489,0.078504,29.912267,0,0,1,TRUE
2020-01-18T15:29:00Z,-360,1.57936E+12,1.109743,0.078003,29.84695,0,0,1,TRUE
2020-01-18T15:30:00Z,-360,1.57936E+12,1.114787,0.085963,29.857367,0,0,1,TRUE
2020-01-18T15:31:00Z,-360,1.57936E+12,1.120642,0.090824,29.91675,0,0,1,TRUE
2020-01-18T15:32:00Z,-360,1.57936E+12,1.119137,0.09545,29.9172,0,0,1,TRUE
2020-01-18T15:33:00Z,-360,1.57936E+12,1.118866,0.099192,29.90415,0,0,1,TRUE
2020-01-18T15:34:00Z,-360,1.57936E+12,1.118536,0.1151,29.90145,0,0,1,TRUE
2020-01-18T15:35:00Z,-360,1.57936E+12,1.117337,0.150839,29.89965,0,0,1,TRUE
2020-01-18T15:36:00Z,-360,1.57936E+12,1.117529,0.158979,29.919,0,0,1,TRUE
2020-01-18T15:37:00Z,-360,1.57936E+12,1.118281,0.154743,29.977717,0,0,1,TRUE
2020-01-18T15:38:00Z,-360,1.57936E+12,1.115059,0.109178,29.97205,0,0,1,TRUE
2020-01-18T15:39:00Z,-360,1.57936E+12,1.115086,0.09563,29.9803,0,0,1,TRUE
2020-01-18T15:40:00Z,-360,1.57936E+12,1.113826,0.093652,30.028567,0,0,1,TRUE
2020-01-18T15:41:00Z,-360,1.57936E+12,1.112221,0.093459,30.112883,0,0,1,TRUE
2020-01-18T15:42:00Z,-360,1.57936E+12,1.111975,0.093367,30.231717,0,0,1,TRUE
2020-01-18T15:43:00Z,-360,1.57936E+12,1.111811,0.094805,30.383867,0,0,1,TRUE
2020-01-18T15:44:00Z,-360,1.57936E+12,1.118395,0.101199,30.555183,0,0,2,TRUE
2020-01-18T15:45:00Z,-360,1.57936E+12,1.122749,0.111768,30.689033,0,0,1,TRUE
2020-01-18T15:46:00Z,-360,1.57936E+12,1.122311,0.115055,30.7782,0,0,1,TRUE
2020-01-18T15:47:00Z,-360,1.57936E+12,1.101779,0.108185,30.8082,0,0,1,TRUE
2020-01-18T15:48:00Z,-360,1.57936E+12,1.099269,0.104705,30.78355,0,0,1,TRUE
2020-01-18T15:49:00Z,-360,1.57936E+12,1.09995,0.103897,30.7252,0,0,1,TRUE
2020-01-18T15:50:00Z,-360,1.57936E+12,1.110446,0.106844,30.677633,0,0,1,TRUE
2020-01-18T15:51:00Z,-360,1.57936E+12,1.120938,0.110939,30.67375,0,0,1,TRUE
2020-01-18T15:52:00Z,-360,1.57936E+12,1.120148,0.11553,30.720333,0,0,1,TRUE
2020-01-18T15:53:00Z,-360,1.57936E+12,1.11955,0.120562,30.782683,0,0,1,TRUE
2020-01-18T15:54:00Z,-360,1.57936E+12,1.119623,0.122173,30.823883,0,0,1,TRUE
2020-01-18T15:55:00Z,-360,1.57936E+12,1.118727,0.122239,30.87285,0,0,1,TRUE
2020-01-18T15:56:00Z,-360,1.57936E+12,1.116333,0.115832,30.9061,0,0,1,TRUE
2020-01-18T15:57:00Z,-360,1.57936E+12,1.115576,0.111068,30.907867,0,0,1,TRUE
2020-01-18T15:58:00Z,-360,1.57936E+12,1.115589,0.109778,30.89575,0,0,1,TRUE
2020-01-18T15:59:00Z,-360,1.57936E+12,1.114651,0.10812,30.87655,0,0,1,TRUE
2020-01-18T16:00:00Z,-360,1.57936E+12,1.113588,0.107755,30.8657,0,0,1,TRUE
2020-01-18T16:01:00Z,-360,1.57936E+12,1.113366,0.106907,30.8462,0,0,1,TRUE
2020-01-18T16:02:00Z,-360,1.57936E+12,1.114081,0.106675,30.831367,0,0,1,TRUE
2020-01-18T16:03:00Z,-360,1.57936E+12,1.114087,0.105255,30.80105,0,0,1,TRUE
2020-01-18T16:04:00Z,-360,1.57936E+12,1.113637,0.105584,30.80325,0,0,1,TRUE
2020-01-18T16:05:00Z,-360,1.57936E+12,1.114467,0.104911,30.823383,0,0,1,TRUE
2020-01-18T16:06:00Z,-360,1.57936E+12,1.114531,0.102786,30.839267,0,0,1,TRUE
2020-01-18T16:07:00Z,-360,1.57936E+12,1.114013,0.101413,30.853133,0,0,1,TRUE
2020-01-18T16:08:00Z,-360,1.57936E+12,1.11362,0.102943,30.872683,0,0,1,TRUE
2020-01-18T16:09:00Z,-360,1.57936E+12,1.113493,0.103401,30.89215,0,0,1,TRUE
2020-01-18T16:10:00Z,-360,1.57936E+12,1.113329,0.104765,30.905633,0,0,1,TRUE
2020-01-18T16:11:00Z,-360,1.57936E+12,1.113867,0.102535,30.909167,0,0,1,TRUE
2020-01-18T16:12:00Z,-360,1.57936E+12,1.112004,0.103923,30.90115,0,0,1,TRUE
2020-01-18T16:13:00Z,-360,1.57936E+12,1.113827,0.101125,30.9016,0,0,2,TRUE
2020-01-18T16:14:00Z,-360,1.57936E+12,1.075516,0.141268,30.93155,0,0,2,TRUE
2020-01-18T16:15:00Z,-360,1.57936E+12,1.086826,0.11789,30.92745,0,0,1,TRUE
2020-01-18T16:16:00Z,-360,1.57936E+12,1.08799,0.119857,30.9474,0,0,1,TRUE
2020-01-18T16:17:00Z,-360,1.57936E+12,1.087152,0.125688,31.024917,0,0,1,TRUE
2020-01-18T16:18:00Z,-360,1.57936E+12,1.085514,0.127547,31.2219,0,0,1,TRUE
2020-01-18T16:19:00Z,-360,1.57936E+12,1.084979,0.132546,31.322417,0,0,1,TRUE
2020-01-18T16:20:00Z,-360,1.57936E+12,1.088176,0.124021,31.08025,0,0,1,TRUE
2020-01-18T16:21:00Z,-360,1.57936E+12,1.090817,0.110828,31.073667,0,0,1,TRUE
2020-01-18T16:22:00Z,-360,1.57936E+12,1.090759,0.110939,31.090567,0,0,1,TRUE
2020-01-18T16:23:00Z,-360,1.57936E+12,1.089033,0.113356,31.098367,0,0,1,TRUE
2020-01-18T16:24:00Z,-360,1.57936E+12,1.090763,0.111204,31.091867,0,0,1,TRUE
2020-01-18T16:25:00Z,-360,1.57936E+12,1.090635,0.109629,31.109633,0,0,1,TRUE
2020-01-18T16:26:00Z,-360,1.57936E+12,1.091977,0.108382,31.130517,0,0,1,TRUE
2020-01-18T16:27:00Z,-360,1.57936E+12,1.092012,0.108532,31.181667,0,0,1,TRUE
2020-01-18T16:28:00Z,-360,1.57936E+12,1.099525,0.105807,31.201633,0,0,1,TRUE
2020-01-18T16:29:00Z,-360,1.57936E+12,1.116457,0.097147,31.1921,0,0,1,TRUE
2020-01-18T16:30:00Z,-360,1.57937E+12,1.117901,0.096814,31.191667,0,0,1,TRUE
2020-01-18T16:31:00Z,-360,1.57937E+12,1.11707,0.09761,31.215933,0,0,2,TRUE
2020-01-18T16:32:00Z,-360,1.57937E+12,1.086932,0.113207,31.292667,0,0,1,TRUE
2020-01-18T16:33:00Z,-360,1.57937E+12,1.087153,0.11873,31.2948,0,0,1,TRUE
2020-01-18T16:34:00Z,-360,1.57937E+12,1.086764,0.124036,31.3171,0,0,1,TRUE
2020-01-18T16:35:00Z,-360,1.57937E+12,1.0849,0.126523,31.340433,0,0,2,TRUE
2020-01-18T16:36:00Z,-360,1.57937E+12,1.049527,0.136195,31.346067,0,0,2,TRUE
2020-01-18T16:37:00Z,-360,1.57937E+12,1.009486,0.131269,31.341733,0,0,2,TRUE
2020-01-18T16:38:00Z,-360,1.57937E+12,1.021126,0.122491,31.29155,0,0,2,TRUE
2020-01-18T16:39:00Z,-360,1.57937E+12,0.947689,0.124472,31.2246,0,0,2,TRUE
2020-01-18T16:40:00Z,-360,1.57937E+12,0.9455,0.128293,31.157917,0,0,1,TRUE
2020-01-18T16:41:00Z,-360,1.57937E+12,0.989483,0.127615,31.1118,0,0,1,TRUE
2020-01-18T16:42:00Z,-360,1.57937E+12,1.073122,0.129626,31.086667,0,0,2,TRUE
2020-01-18T16:43:00Z,-360,1.57937E+12,1.009221,0.13575,31.04415,0,0,2,TRUE
2020-01-18T16:44:00Z,-360,1.57937E+12,1.016039,0.136375,30.92445,0,0,2,TRUE
2020-01-18T16:45:00Z,-360,1.57937E+12,1.069214,0.126398,30.8167,0,0,2,TRUE
2020-01-18T16:46:00Z,-360,1.57937E+12,1.075865,0.116179,30.726533,0,0,1,TRUE
2020-01-18T16:47:00Z,-360,1.57937E+12,1.069955,0.114093,30.6367,0,0,1,TRUE
2020-01-18T16:48:00Z,-360,1.57937E+12,1.067733,0.112191,30.504517,0,0,2,TRUE
2020-01-18T16:49:00Z,-360,1.57937E+12,0.970034,0.135334,30.408583,0,0,2,TRUE
2020-01-18T16:50:00Z,-360,1.57937E+12,0.939365,0.130844,30.373667,0,0,2,TRUE
2020-01-18T16:51:00Z,-360,1.57937E+12,0.924796,0.131656,30.365433,0,0,2,TRUE
2020-01-18T16:52:00Z,-360,1.57937E+12,0.925778,0.133001,30.354567,0,0,1,TRUE
2020-01-18T16:53:00Z,-360,1.57937E+12,0.926425,0.1339,30.3457,0,0,1,TRUE
2020-01-18T16:54:00Z,-360,1.57937E+12,0.912243,0.134239,30.33535,0,0,1,TRUE
2020-01-18T16:55:00Z,-360,1.57937E+12,0.913694,0.131499,30.317183,0,0,1,TRUE
2020-01-18T16:56:00Z,-360,1.57937E+12,0.920113,0.127699,30.27245,0,0,1,TRUE
2020-01-18T16:57:00Z,-360,1.57937E+12,0.926703,0.131842,30.272,0,0,1,TRUE
2020-01-18T16:58:00Z,-360,1.57937E+12,0.927896,0.133458,30.272,0,0,1,TRUE
2020-01-18T16:59:00Z,-360,1.57937E+12,0.93962,0.133609,30.272,0,0,1,TRUE
2020-01-18T17:00:00Z,-360,1.57937E+12,0.955962,0.136584,30.268533,0,0,1,TRUE
2020-01-18T17:01:00Z,-360,1.57937E+12,0.954999,0.136906,30.24545,0,0,1,TRUE
2020-01-18T17:02:00Z,-360,1.57937E+12,0.955584,0.138191,30.219483,0,0,1,TRUE
2020-01-18T17:03:00Z,-360,1.57937E+12,0.955709,0.140585,30.198633,0,0,1,TRUE
2020-01-18T17:04:00Z,-360,1.57937E+12,0.956434,0.141064,30.167783,0,0,1,TRUE
2020-01-18T17:05:00Z,-360,1.57937E+12,0.957229,0.14108,30.142783,0,0,1,TRUE
2020-01-18T17:06:00Z,-360,1.57937E+12,1.040835,0.167183,30.123583,0,0,2,TRUE
2020-01-18T17:07:00Z,-360,1.57937E+12,1.047437,0.150485,30.074017,0,0,1,TRUE
2020-01-18T17:08:00Z,-360,1.57937E+12,1.053358,0.147671,29.9835,0,0,2,TRUE
2020-01-18T17:09:00Z,-360,1.57937E+12,1.05443,0.143227,29.874433,0,0,1,TRUE
2020-01-18T17:10:00Z,-360,1.57937E+12,1.053289,0.14024,29.769167,0,0,1,TRUE
2020-01-18T17:11:00Z,-360,1.57937E+12,1.062575,0.137067,29.674683,0,0,1,TRUE
2020-01-18T17:12:00Z,-360,1.57937E+12,1.073146,0.129729,29.60745,0,0,1,TRUE
2020-01-18T17:13:00Z,-360,1.57937E+12,1.075516,0.129019,29.582833,0,0,1,TRUE
2020-01-18T17:14:00Z,-360,1.57937E+12,1.083138,0.119,29.51125,0,0,1,TRUE
2020-01-18T17:15:00Z,-360,1.57937E+12,1.080887,0.11637,29.471283,0,0,1,TRUE
2020-01-18T17:16:00Z,-360,1.57937E+12,1.075043,0.119765,29.50225,0,0,1,TRUE
2020-01-18T17:17:00Z,-360,1.57937E+12,1.083294,0.117457,29.487917,0,0,1,TRUE
2020-01-18T17:18:00Z,-360,1.57937E+12,1.090848,0.111606,29.440533,0,0,1,TRUE
2020-01-18T17:19:00Z,-360,1.57937E+12,1.092573,0.108737,29.4011,0,0,1,TRUE
2020-01-18T17:20:00Z,-360,1.57937E+12,1.091663,0.105691,29.3419,0,0,1,TRUE
2020-01-18T17:21:00Z,-360,1.57937E+12,1.092122,0.105795,29.28935,0,0,1,TRUE
2020-01-18T17:22:00Z,-360,1.57937E+12,1.093041,0.100354,29.204667,0,0,1,TRUE
2020-01-18T17:23:00Z,-360,1.57937E+12,1.087524,0.102825,29.15355,0,0,1,TRUE
2020-01-18T17:24:00Z,-360,1.57937E+12,1.079709,0.100201,29.090617,0,0,1,TRUE
2020-01-18T17:25:00Z,-360,1.57937E+12,1.081006,0.100824,29.101167,0,0,1,TRUE
2020-01-18T17:26:00Z,-360,1.57937E+12,1.082934,0.103977,29.10845,0,0,1,TRUE
2020-01-18T17:27:00Z,-360,1.57937E+12,1.083736,0.106674,29.1269,0,0,1,TRUE
2020-01-18T17:28:00Z,-360,1.57937E+12,1.082503,0.108226,29.12735,0,0,1,TRUE
2020-01-18T17:29:00Z,-360,1.57937E+12,1.081501,0.108624,29.12015,0,0,1,TRUE
2020-01-18T17:30:00Z,-360,1.57937E+12,1.075232,0.109066,29.10845,0,0,1,TRUE
2020-01-18T17:31:00Z,-360,1.57937E+12,1.068629,0.114516,29.1233,0,0,1,TRUE
2020-01-18T17:32:00Z,-360,1.57937E+12,1.065745,0.111413,29.07985,0,0,1,TRUE
2020-01-18T17:33:00Z,-360,1.57937E+12,1.065198,0.110382,29.0181,0,0,1,TRUE
2020-01-18T17:34:00Z,-360,1.57937E+12,1.06465,0.109833,28.96095,0,0,1,TRUE
2020-01-18T17:35:00Z,-360,1.57937E+12,1.056797,0.111738,28.9119,0,0,1,TRUE
2020-01-18T17:36:00Z,-360,1.57937E+12,1.050683,0.11541,28.88085,0,0,1,TRUE
2020-01-18T17:37:00Z,-360,1.57937E+12,1.051663,0.11721,28.83675,0,0,1,TRUE
2020-01-18T17:38:00Z,-360,1.57937E+12,1.051105,0.117215,28.7787,0,0,1,TRUE
2020-01-18T17:39:00Z,-360,1.57937E+12,1.051588,0.118729,28.73045,0,0,1,TRUE
2020-01-18T17:40:00Z,-360,1.57937E+12,1.058549,0.117276,28.678267,0,0,1,TRUE
2020-01-18T17:41:00Z,-360,1.57937E+12,1.064139,0.118825,28.631,0,0,1,TRUE
2020-01-18T17:42:00Z,-360,1.57937E+12,1.073548,0.119629,28.6085,0,0,1,TRUE
2020-01-18T17:43:00Z,-360,1.57937E+12,1.062037,0.111455,28.56485,0,0,2,TRUE
2020-01-18T17:44:00Z,-360,1.57937E+12,0.991321,0.152638,28.559,0,0,2,TRUE
2020-01-18T17:45:00Z,-360,1.57937E+12,0.970243,0.126014,28.5617,0,0,2,TRUE
2020-01-18T17:46:00Z,-360,1.57937E+12,0.948566,0.115966,28.5689,0,0,2,TRUE
2020-01-18T17:47:00Z,-360,1.57937E+12,0.951343,0.108746,28.55945,0,0,2,TRUE
2020-01-18T17:48:00Z,-360,1.57937E+12,0.974246,0.106988,28.57205,0,0,2,TRUE
2020-01-18T17:49:00Z,-360,1.57937E+12,0.961722,0.107638,28.60265,0,0,1,TRUE
2020-01-18T17:50:00Z,-360,1.57937E+12,0.971903,0.110407,28.6166,0,0,1,TRUE
2020-01-18T17:51:00Z,-360,1.57937E+12,0.986383,0.108828,28.6139,0,0,1,TRUE
2020-01-18T17:52:00Z,-360,1.57937E+12,0.972799,0.108994,28.61885,0,0,1,TRUE
2020-01-18T17:53:00Z,-360,1.57937E+12,0.976764,0.11103,28.6292,0,0,1,TRUE
2020-01-18T17:54:00Z,-360,1.57937E+12,0.978113,0.110906,28.62335,0,0,1,TRUE
2020-01-18T17:55:00Z,-360,1.57937E+12,0.978507,0.111872,28.61795,0,0,1,TRUE
2020-01-18T17:56:00Z,-360,1.57937E+12,0.982185,0.113108,28.61075,0,0,1,TRUE
2020-01-18T17:57:00Z,-360,1.57937E+12,0.983023,0.113051,28.5941,0,0,1,TRUE
2020-01-18T17:58:00Z,-360,1.57937E+12,0.983641,0.11235,28.58735,0,0,1,TRUE
2020-01-18T17:59:00Z,-360,1.57937E+12,0.983594,0.111984,28.56845,0,0,1,TRUE
2020-01-18T18:00:00Z,-360,1.57937E+12,0.983744,0.111494,28.559,0,0,1,TRUE
2020-01-18T18:01:00Z,-360,1.57937E+12,1.037419,0.127082,28.5662,0,0,2,TRUE
2020-01-18T18:02:00Z,-360,1.57937E+12,1.064472,0.121424,28.56575,0,0,2,TRUE
2020-01-18T18:03:00Z,-360,1.57937E+12,1.07645,0.11196,28.4897,0,0,1,TRUE
2020-01-18T18:04:00Z,-360,1.57937E+12,1.075394,0.109804,28.40645,0,0,1,TRUE
2020-01-18T18:05:00Z,-360,1.57937E+12,1.074958,0.107826,28.3385,0,0,1,TRUE
2020-01-18T18:06:00Z,-360,1.57937E+12,1.073833,0.107142,28.2863,0,0,1,TRUE
2020-01-18T18:07:00Z,-360,1.57937E+12,0.997076,0.122548,28.235183,0,0,1,TRUE
2020-01-18T18:08:00Z,-360,1.57937E+12,1.037513,0.092252,28.17235,23,28,0,TRUE
2020-01-18T18:09:00Z,-360,1.57937E+12,0.996709,0.074844,28.173717,15,33,0,TRUE
2020-01-18T18:10:00Z,-360,1.57937E+12,0.941217,0.075542,28.227533,0,0,0,TRUE
2020-01-18T18:11:00Z,-360,1.57937E+12,0.970846,0.077984,28.26965,11,40,0,TRUE
2020-01-18T18:12:00Z,-360,1.57937E+12,0.934399,0.079784,28.32005,0,0,0,TRUE
2020-01-18T18:13:00Z,-360,1.57937E+12,0.958598,0.086257,28.37945,0,0,0,TRUE
2020-01-18T18:14:00Z,-360,1.57937E+12,0.995278,0.085324,28.37675,0,0,0,TRUE
2020-01-18T18:15:00Z,-360,1.57937E+12,0.95193,0.091133,28.4339,0,0,0,TRUE
2020-01-18T18:16:00Z,-360,1.57937E+12,0.949786,0.083301,28.4618,0,0,0,TRUE
2020-01-18T18:17:00Z,-360,1.57937E+12,0.964242,0.096921,28.55495,0,0,0,TRUE
2020-01-18T18:18:00Z,-360,1.57937E+12,0.991812,0.103445,28.67895,0,0,0,TRUE
2020-01-18T18:19:00Z,-360,1.57937E+12,0.979496,0.098443,28.8291,0,0,0,TRUE
2020-01-18T18:20:00Z,-360,1.57937E+12,0.937711,0.106973,28.9767,0,0,0,TRUE
2020-01-18T18:21:00Z,-360,1.57937E+12,0.971024,0.095177,28.99335,0,0,0,TRUE
2020-01-18T18:22:00Z,-360,1.57937E+12,0.977052,0.099611,28.97805,0,0,0,TRUE
2020-01-18T18:23:00Z,-360,1.57937E+12,1.10266,0.102876,29.03815,0,0,0,TRUE
2020-01-18T18:24:00Z,-360,1.57937E+12,1.113068,0.108633,29.011767,0,0,0,TRUE
2020-01-18T18:25:00Z,-360,1.57937E+12,1.122393,0.106584,28.9191,0,0,0,TRUE
2020-01-18T18:26:00Z,-360,1.57937E+12,1.114054,0.111858,28.89885,0,0,0,TRUE
2020-01-18T18:27:00Z,-360,1.57937E+12,1.114268,0.116941,28.8939,0,0,0,TRUE
2020-01-18T18:28:00Z,-360,1.57937E+12,1.115527,0.117887,28.8894,0,0,0,TRUE
2020-01-18T18:29:00Z,-360,1.57937E+12,1.11468,0.122367,28.95105,0,0,0,TRUE
2020-01-18T18:30:00Z,-360,1.57937E+12,1.11855,0.108883,28.944267,0,0,0,TRUE
2020-01-18T18:31:00Z,-360,1.57937E+12,1.121458,0.097261,28.9902,0,0,0,TRUE
2020-01-18T18:32:00Z,-360,1.57937E+12,1.123665,0.093906,29.0938,0,0,0,TRUE
2020-01-18T18:33:00Z,-360,1.57937E+12,1.121816,0.093424,29.2186,0,0,0,TRUE
2020-01-18T18:34:00Z,-360,1.57937E+12,1.123767,0.089951,29.316133,0,0,0,TRUE
2020-01-18T18:35:00Z,-360,1.57937E+12,1.124525,0.085384,29.388617,0,0,0,TRUE
2020-01-18T18:36:00Z,-360,1.57937E+12,1.124058,0.083082,29.48445,0,0,0,TRUE
2020-01-18T18:37:00Z,-360,1.57937E+12,1.125941,0.081247,29.549333,0,0,0,TRUE
2020-01-18T18:38:00Z,-360,1.57937E+12,1.125779,0.079402,29.59575,0,0,0,TRUE
2020-01-18T18:39:00Z,-360,1.57937E+12,1.126048,0.074035,29.6088,0,0,0,TRUE
2020-01-18T18:40:00Z,-360,1.57937E+12,1.123245,0.073015,29.63078,0,0,0,TRUE
2020-01-18T18:41:00Z,-360,1.57937E+12,1.116163,0.07487,29.617383,0,0,0,TRUE
2020-01-18T18:42:00Z,-360,1.57937E+12,1.107365,0.072889,29.528717,0,0,0,TRUE
2020-01-18T18:43:00Z,-360,1.57937E+12,1.106732,0.070504,29.44925,0,0,0,TRUE
2020-01-18T18:44:00Z,-360,1.57937E+12,1.110194,0.06973,29.355667,0,0,0,TRUE
2020-01-18T18:45:00Z,-360,1.57937E+12,1.110071,0.068737,29.2832,0,0,0,FALSE
2020-01-18T18:46:00Z,-360,1.57937E+12,1.110809,0.068405,29.20735,0,0,0,FALSE
2020-01-18T18:47:00Z,-360,1.57937E+12,1.111873,0.069166,29.135417,0,0,0,FALSE
2020-01-18T18:48:00Z,-360,1.57937E+12,1.112753,0.068747,29.078033,0,0,0,FALSE
2020-01-18T18:49:00Z,-360,1.57937E+12,1.11165,0.068622,29.047667,0,0,0,FALSE
2020-01-18T18:50:00Z,-360,1.57937E+12,1.112177,0.068363,29.00235,0,0,0,FALSE
2020-01-18T18:51:00Z,-360,1.57937E+12,1.111815,0.067926,28.9452,0,0,0,FALSE
2020-01-18T18:52:00Z,-360,1.57937E+12,1.111354,0.068256,28.9065,0,0,0,FALSE
2020-01-18T18:53:00Z,-360,1.57937E+12,1.11048,0.067988,28.87275,0,0,0,FALSE
2020-01-18T18:54:00Z,-360,1.57937E+12,1.111537,0.067874,28.82685,0,0,0,FALSE
2020-01-18T18:55:00Z,-360,1.57937E+12,1.112337,0.068738,28.78005,0,0,0,FALSE
2020-01-18T18:56:00Z,-360,1.57937E+12,1.112143,0.069414,28.7553,0,0,0,FALSE
2020-01-18T18:57:00Z,-360,1.57937E+12,1.110934,0.068826,28.71035,0,0,0,FALSE
2020-01-18T18:58:00Z,-360,1.57937E+12,1.110331,0.067683,28.6553,0,0,0,FALSE
2020-01-18T18:59:00Z,-360,1.57937E+12,1.111246,0.067812,28.6067,0,0,0,FALSE
2020-01-18T19:00:00Z,-360,1.57937E+12,1.110878,0.068183,28.56845,0,0,0,FALSE
2020-01-18T19:01:00Z,-360,1.57937E+12,1.110084,0.069324,28.5608,0,0,0,FALSE
2020-01-18T19:02:00Z,-360,1.57937E+12,1.110805,0.069246,28.5563,0,0,0,FALSE
2020-01-18T19:03:00Z,-360,1.57937E+12,1.11147,0.069239,28.5473,0,0,0,FALSE
2020-01-18T19:04:00Z,-360,1.57937E+12,1.112069,0.069478,28.5419,0,0,0,FALSE
2020-01-18T19:05:00Z,-360,1.57937E+12,1.111424,0.067107,28.52975,0,0,0,FALSE
2020-01-18T19:06:00Z,-360,1.57937E+12,1.092381,0.069493,28.52795,0,0,0,FALSE
2020-01-18T19:07:00Z,-360,1.57937E+12,1.10249,0.074183,28.66115,0,0,0,TRUE
2020-01-18T19:08:00Z,-360,1.57937E+12,1.079286,0.085405,28.731717,0,0,0,TRUE
2020-01-18T19:09:00Z,-360,1.57937E+12,1.092449,0.08661,28.721317,0,0,0,TRUE
2020-01-18T19:10:00Z,-360,1.57937E+12,1.102907,0.086415,28.6598,0,0,0,TRUE
2020-01-18T19:11:00Z,-360,1.57937E+12,1.106592,0.085842,28.6139,0,0,0,TRUE
2020-01-18T19:12:00Z,-360,1.57937E+12,1.110395,0.085091,28.586,0,0,0,TRUE
2020-01-18T19:13:00Z,-360,1.57937E+12,1.112334,0.083839,28.559,0,0,0,TRUE
2020-01-18T19:14:00Z,-360,1.57937E+12,1.11192,0.083923,28.55495,0,0,0,TRUE
2020-01-18T19:15:00Z,-360,1.57937E+12,1.112292,0.083593,28.53965,0,0,0,TRUE
2020-01-18T19:16:00Z,-360,1.57937E+12,1.112141,0.08389,28.52615,0,0,0,TRUE
2020-01-18T19:17:00Z,-360,1.57938E+12,1.112874,0.083018,28.51085,0,0,0,TRUE
2020-01-18T19:18:00Z,-360,1.57938E+12,1.121379,0.07493,28.4609,0,0,0,TRUE
2020-01-18T19:19:00Z,-360,1.57938E+12,1.12134,0.07406,28.42625,0,0,0,TRUE
2020-01-18T19:20:00Z,-360,1.57938E+12,1.121937,0.075863,28.4249,0,0,0,TRUE
2020-01-18T19:21:00Z,-360,1.57938E+12,1.121608,0.075204,28.4123,0,0,0,TRUE
2020-01-18T19:22:00Z,-360,1.57938E+12,1.121725,0.074647,28.3961,0,0,0,TRUE
2020-01-18T19:23:00Z,-360,1.57938E+12,1.121828,0.073172,28.3817,0,0,0,TRUE
2020-01-18T19:24:00Z,-360,1.57938E+12,1.12221,0.072483,28.37,0,0,0,TRUE
2020-01-18T19:25:00Z,-360,1.57938E+12,1.122226,0.07252,28.35875,0,0,0,TRUE
2020-01-18T19:26:00Z,-360,1.57938E+12,1.12285,0.071385,28.36415,0,0,0,TRUE
2020-01-18T19:27:00Z,-360,1.57938E+12,1.123077,0.071677,28.3682,0,0,0,TRUE
2020-01-18T19:28:00Z,-360,1.57938E+12,1.123378,0.070598,28.37765,0,0,0,TRUE
2020-01-18T19:29:00Z,-360,1.57938E+12,1.123316,0.070762,28.38125,0,0,0,TRUE
2020-01-18T19:30:00Z,-360,1.57938E+12,1.123504,0.070747,28.37765,0,0,0,TRUE
2020-01-18T19:31:00Z,-360,1.57938E+12,1.101769,0.078361,28.39655,0,0,0,TRUE
2020-01-18T19:32:00Z,-360,1.57938E+12,1.044007,0.085272,28.53695,0,0,0,TRUE
2020-01-18T19:33:00Z,-360,1.57938E+12,0.975981,0.07574,28.58195,16,51,0,TRUE
2020-01-18T19:34:00Z,-360,1.57938E+12,0.959676,0.072234,28.56485,16,35,0,TRUE
2020-01-18T19:35:00Z,-360,1.57938E+12,0.951759,0.070054,28.582433,0,0,0,TRUE
2020-01-18T19:36:00Z,-360,1.57938E+12,0.938672,0.081364,28.6193,0,0,0,TRUE
2020-01-18T19:37:00Z,-360,1.57938E+12,0.979048,0.073534,28.595,12,41,0,TRUE
2020-01-18T19:38:00Z,-360,1.57938E+12,0.914947,0.07054,28.54145,0,0,0,TRUE
2020-01-18T19:39:00Z,-360,1.57938E+12,0.924055,0.069861,28.55225,0,0,0,TRUE
2020-01-18T19:40:00Z,-360,1.57938E+12,0.908555,0.076789,28.62965,0,0,0,TRUE
2020-01-18T19:41:00Z,-360,1.57938E+12,0.900414,0.078245,28.7208,0,0,0,TRUE
2020-01-18T19:42:00Z,-360,1.57938E+12,0.89256,0.076083,28.7268,0,0,0,TRUE
2020-01-18T19:43:00Z,-360,1.57938E+12,0.893257,0.072697,28.675133,0,0,0,TRUE
2020-01-18T19:44:00Z,-360,1.57938E+12,0.901481,0.071811,28.667,0,0,0,TRUE
2020-01-18T19:45:00Z,-360,1.57938E+12,0.944281,0.076982,28.728883,0,0,0,TRUE
2020-01-18T19:46:00Z,-360,1.57938E+12,0.941055,0.085044,28.8633,13,30,0,TRUE
2020-01-18T19:47:00Z,-360,1.57938E+12,0.93107,0.088928,29.010183,0,0,0,TRUE
2020-01-18T19:48:00Z,-360,1.57938E+12,0.893221,0.093051,29.1397,0,0,0,TRUE
2020-01-18T19:49:00Z,-360,1.57938E+12,0.913007,0.096731,29.277783,12,0,0,TRUE
2020-01-18T19:50:00Z,-360,1.57938E+12,0.923236,0.102878,29.3774,0,0,0,TRUE
2020-01-18T19:51:00Z,-360,1.57938E+12,0.946159,0.093959,29.441767,0,0,0,TRUE
2020-01-18T19:52:00Z,-360,1.57938E+12,0.915618,0.095577,29.463017,0,0,0,TRUE
2020-01-18T19:53:00Z,-360,1.57938E+12,0.924132,0.100963,29.488317,0,0,0,TRUE
2020-01-18T19:54:00Z,-360,1.57938E+12,0.921993,0.104897,29.53995,0,0,0,TRUE
2020-01-18T19:55:00Z,-360,1.57938E+12,0.915102,0.106944,29.5989,0,0,0,TRUE
2020-01-18T19:56:00Z,-360,1.57938E+12,0.956466,0.113133,29.653267,11,0,0,TRUE
2020-01-18T19:57:00Z,-360,1.57938E+12,0.937064,0.101643,29.664333,0,0,0,TRUE
2020-01-18T19:58:00Z,-360,1.57938E+12,0.956816,0.101045,29.65405,0,0,0,TRUE
2020-01-18T19:59:00Z,-360,1.57938E+12,0.891484,0.107445,29.70185,0,0,0,TRUE
2020-01-18T20:00:00Z,-360,1.57938E+12,0.936175,0.097631,29.67055,22,22,0,TRUE
2020-01-18T20:01:00Z,-360,1.57938E+12,0.902479,0.068808,29.625783,0,0,0,TRUE
2020-01-18T20:02:00Z,-360,1.57938E+12,0.888807,0.06874,29.4467,0,0,0,TRUE
2020-01-18T20:03:00Z,-360,1.57938E+12,0.886357,0.069904,29.50325,0,0,0,FALSE
2020-01-18T20:04:00Z,-360,1.57938E+12,0.889248,0.069867,29.598567,0,0,0,TRUE
2020-01-18T20:05:00Z,-360,1.57938E+12,0.891073,0.073089,29.5153,0,0,0,TRUE
2020-01-18T20:06:00Z,-360,1.57938E+12,0.895796,0.073949,29.519067,0,0,0,TRUE
2020-01-18T20:07:00Z,-360,1.57938E+12,1.037075,0.075483,29.5522,0,0,0,TRUE
2020-01-18T20:08:00Z,-360,1.57938E+12,0.960301,0.071167,29.519283,0,0,0,TRUE
2020-01-18T20:09:00Z,-360,1.57938E+12,0.887734,0.07259,29.58185,0,0,0,TRUE
2020-01-18T20:10:00Z,-360,1.57938E+12,0.941384,0.081085,29.624033,12,0,0,TRUE
2020-01-18T20:11:00Z,-360,1.57938E+12,0.901116,0.084978,29.624833,0,0,0,TRUE
2020-01-18T20:12:00Z,-360,1.57938E+12,0.990844,0.101392,29.6861,0,0,0,TRUE
2020-01-18T20:13:00Z,-360,1.57938E+12,0.993329,0.109657,29.721633,0,0,0,TRUE
2020-01-18T20:14:00Z,-360,1.57938E+12,0.989058,0.114811,29.798533,0,0,0,TRUE
2020-01-18T20:15:00Z,-360,1.57938E+12,0.905243,0.098838,29.8255,0,0,0,TRUE
2020-01-18T20:16:00Z,-360,1.57938E+12,0.885643,0.10238,29.882417,0,0,0,TRUE
2020-01-18T20:17:00Z,-360,1.57938E+12,0.890193,0.11177,30.014433,0,0,0,TRUE
2020-01-18T20:18:00Z,-360,1.57938E+12,0.894369,0.098402,30.068217,0,0,0,TRUE
2020-01-18T20:19:00Z,-360,1.57938E+12,0.89477,0.105117,30.128333,0,0,0,TRUE
2020-01-18T20:20:00Z,-360,1.57938E+12,0.897496,0.115799,30.2106,0,0,0,TRUE
2020-01-18T20:21:00Z,-360,1.57938E+12,0.903176,0.115643,30.193867,0,0,0,TRUE
2020-01-18T20:22:00Z,-360,1.57938E+12,0.902332,0.095971,30.251017,0,0,0,TRUE
2020-01-18T20:23:00Z,-360,1.57938E+12,0.888774,0.070365,30.283217,0,0,0,TRUE
2020-01-18T20:24:00Z,-360,1.57938E+12,0.897405,0.07168,30.286767,0,0,0,TRUE
2020-01-18T20:25:00Z,-360,1.57938E+12,0.889363,0.083761,30.299517,0,0,0,TRUE
2020-01-18T20:26:00Z,-360,1.57938E+12,0.891264,0.08132,30.239983,0,0,0,TRUE
2020-01-18T20:27:00Z,-360,1.57938E+12,0.888239,0.088484,30.222133,0,0,0,TRUE
2020-01-18T20:28:00Z,-360,1.57938E+12,0.882064,0.100463,30.263833,0,0,0,TRUE
2020-01-18T20:29:00Z,-360,1.57938E+12,0.88425,0.108585,30.354817,0,0,0,TRUE
2020-01-18T20:30:00Z,-360,1.57938E+12,0.911306,0.103291,30.46265,0,0,0,TRUE
2020-01-18T20:31:00Z,-360,1.57938E+12,0.891979,0.091854,30.485117,0,0,0,TRUE
2020-01-18T20:32:00Z,-360,1.57938E+12,0.989813,0.101502,30.576117,13,41,0,TRUE
2020-01-18T20:33:00Z,-360,1.57938E+12,0.884853,0.090013,30.523117,0,0,0,TRUE
2020-01-18T20:34:00Z,-360,1.57938E+12,0.887667,0.089111,30.442417,0,0,0,TRUE
2020-01-18T20:35:00Z,-360,1.57938E+12,0.921196,0.099858,30.479383,12,41,0,TRUE
2020-01-18T20:36:00Z,-360,1.57938E+12,0.883326,0.090962,30.394017,0,0,0,TRUE
2020-01-18T20:37:00Z,-360,1.57938E+12,0.895428,0.088729,30.346317,0,0,0,TRUE
2020-01-18T20:38:00Z,-360,1.57938E+12,0.918774,0.082656,30.377717,0,0,0,TRUE
2020-01-18T20:39:00Z,-360,1.57938E+12,0.920858,0.071755,30.4103,0,0,0,TRUE
2020-01-18T20:40:00Z,-360,1.57938E+12,0.912192,0.075339,30.2943,0,0,0,TRUE
2020-01-18T20:41:00Z,-360,1.57938E+12,0.932242,0.083181,30.3264,0,0,0,TRUE
2020-01-18T20:42:00Z,-360,1.57938E+12,0.916922,0.07683,30.2734,0,0,0,TRUE
2020-01-18T20:43:00Z,-360,1.57938E+12,0.997667,0.089371,30.302183,0,0,0,TRUE
2020-01-18T20:44:00Z,-360,1.57938E+12,0.98176,0.092023,30.386633,0,0,0,TRUE
2020-01-18T20:45:00Z,-360,1.57938E+12,0.921012,0.086972,30.448083,0,0,0,TRUE
2020-01-18T20:46:00Z,-360,1.57938E+12,0.887935,0.085199,30.4979,0,0,0,TRUE
2020-01-18T20:47:00Z,-360,1.57938E+12,0.887409,0.087804,30.51545,0,0,0,TRUE
2020-01-18T20:48:00Z,-360,1.57938E+12,0.932743,0.105836,30.538967,12,0,0,TRUE
2020-01-18T20:49:00Z,-360,1.57938E+12,0.884547,0.092788,30.50885,0,0,0,TRUE
2020-01-18T20:50:00Z,-360,1.57938E+12,0.929482,0.088809,30.462167,0,0,0,TRUE
2020-01-18T20:51:00Z,-360,1.57938E+12,0.902995,0.082232,30.445383,0,0,0,TRUE
2020-01-18T20:52:00Z,-360,1.57938E+12,0.909897,0.079161,30.4793,0,0,0,TRUE
2020-01-18T20:53:00Z,-360,1.57938E+12,0.899692,0.079603,30.493133,0,0,0,TRUE
2020-01-18T20:54:00Z,-360,1.57938E+12,0.895522,0.069463,30.532817,0,0,0,TRUE
2020-01-18T20:55:00Z,-360,1.57938E+12,0.899324,0.069656,30.4705,0,0,0,TRUE
2020-01-18T20:56:00Z,-360,1.57938E+12,0.907586,0.080117,30.637967,0,0,0,TRUE
2020-01-18T20:57:00Z,-360,1.57938E+12,0.960827,0.085337,30.625583,14,36,0,TRUE
2020-01-18T20:58:00Z,-360,1.57938E+12,0.935314,0.078303,30.510267,0,0,0,TRUE
2020-01-18T20:59:00Z,-360,1.57938E+12,0.925076,0.080086,30.4445,0,0,0,TRUE
2020-01-18T21:00:00Z,-360,1.57938E+12,0.921781,0.080335,30.3897,0,0,0,TRUE
2020-01-18T21:01:00Z,-360,1.57938E+12,0.923153,0.079895,30.35585,0,0,0,TRUE
2020-01-18T21:02:00Z,-360,1.57938E+12,0.92907,0.081865,30.371067,0,0,0,TRUE
2020-01-18T21:03:00Z,-360,1.57938E+12,0.977848,0.084339,30.41335,0,0,0,TRUE
2020-01-18T21:04:00Z,-360,1.57938E+12,0.923719,0.085262,30.4639,0,0,0,TRUE
2020-01-18T21:05:00Z,-360,1.57938E+12,0.917481,0.089476,30.46965,0,0,0,TRUE
2020-01-18T21:06:00Z,-360,1.57938E+12,0.891803,0.079516,30.387433,0,0,0,TRUE
2020-01-18T21:07:00Z,-360,1.57938E+12,0.912603,0.083288,30.372467,0,0,0,TRUE
2020-01-18T21:08:00Z,-360,1.57938E+12,0.917654,0.075993,30.244783,0,0,0,TRUE
2020-01-18T21:09:00Z,-360,1.57938E+12,0.99777,0.082865,30.29905,16,46,0,TRUE
2020-01-18T21:10:00Z,-360,1.57938E+12,1.071111,0.070903,30.251533,46,40,0,TRUE
2020-01-18T21:11:00Z,-360,1.57938E+12,0.969907,0.068643,30.154417,0,0,0,TRUE
2020-01-18T21:12:00Z,-360,1.57938E+12,0.954502,0.069612,30.185583,0,0,0,TRUE
2020-01-18T21:13:00Z,-360,1.57938E+12,0.972998,0.072582,30.1318,0,0,0,TRUE
2020-01-18T21:14:00Z,-360,1.57938E+12,0.967501,0.074034,30.10005,0,0,0,TRUE
2020-01-18T21:15:00Z,-360,1.57938E+12,0.959183,0.076124,30.10275,0,0,0,TRUE
2020-01-18T21:16:00Z,-360,1.57938E+12,0.95998,0.076129,30.131433,0,0,0,TRUE
2020-01-18T21:17:00Z,-360,1.57938E+12,0.967865,0.078053,30.160183,0,0,0,TRUE
2020-01-18T21:18:00Z,-360,1.57938E+12,0.96973,0.076607,30.146833,0,0,0,TRUE
2020-01-18T21:19:00Z,-360,1.57938E+12,0.998005,0.080555,30.190233,0,0,0,TRUE
2020-01-18T21:20:00Z,-360,1.57938E+12,1.048004,0.083245,30.22935,0,0,0,TRUE
2020-01-18T21:21:00Z,-360,1.57938E+12,1.045115,0.081356,30.251933,0,0,0,TRUE
2020-01-18T21:22:00Z,-360,1.57938E+12,0.93516,0.08095,30.301467,0,0,0,TRUE
2020-01-18T21:23:00Z,-360,1.57938E+12,0.916339,0.080829,30.369333,0,0,0,TRUE
2020-01-18T21:24:00Z,-360,1.57938E+12,0.939124,0.07494,30.365,0,0,0,TRUE
2020-01-18T21:25:00Z,-360,1.57938E+12,0.932389,0.077413,30.402917,0,0,0,TRUE
2020-01-18T21:26:00Z,-360,1.57938E+12,0.940363,0.072168,30.440117,0,0,0,TRUE
2020-01-18T21:27:00Z,-360,1.57938E+12,0.943374,0.074794,30.467,0,0,0,TRUE
2020-01-18T21:28:00Z,-360,1.57938E+12,0.947349,0.075879,30.532817,0,0,0,TRUE
2020-01-18T21:29:00Z,-360,1.57938E+12,0.923719,0.084038,30.634083,0,0,0,TRUE
2020-01-18T21:30:00Z,-360,1.57938E+12,0.923241,0.103067,30.7755,0,0,0,TRUE
2020-01-18T21:31:00Z,-360,1.57938E+12,0.994669,0.070767,30.719933,0,0,0,TRUE
2020-01-18T21:32:00Z,-360,1.57938E+12,1.00595,0.072291,30.74875,0,0,0,FALSE
2020-01-18T21:33:00Z,-360,1.57938E+12,1.042472,0.075787,30.818883,0,0,0,TRUE
2020-01-18T21:34:00Z,-360,1.57938E+12,1.054799,0.078252,30.8806,0,0,0,TRUE
2020-01-18T21:35:00Z,-360,1.57938E+12,1.033413,0.079191,30.984083,0,0,0,TRUE
2020-01-18T21:36:00Z,-360,1.57938E+12,1.03503,0.080701,31.030333,0,0,0,TRUE
2020-01-18T21:37:00Z,-360,1.57938E+12,0.936543,0.094444,31.079733,0,0,0,TRUE
2020-01-18T21:38:00Z,-360,1.57938E+12,0.882572,0.103145,31.161867,0,0,0,TRUE
2020-01-18T21:39:00Z,-360,1.57938E+12,0.882679,0.107404,31.201633,0,0,0,TRUE
2020-01-18T21:40:00Z,-360,1.57938E+12,1.022181,0.116317,31.2259,0,0,0,TRUE
2020-01-18T21:41:00Z,-360,1.57938E+12,0.957593,0.100762,31.230667,0,0,0,TRUE
2020-01-18T21:42:00Z,-360,1.57938E+12,0.962275,0.101108,31.243667,0,0,0,TRUE
2020-01-18T21:43:00Z,-360,1.57938E+12,0.990638,0.085263,31.210183,0,0,0,TRUE
2020-01-18T21:44:00Z,-360,1.57938E+12,0.974018,0.070368,31.0603,0,0,0,TRUE
2020-01-18T21:45:00Z,-360,1.57938E+12,0.9594,0.075344,31.088483,24,44,0,TRUE
2020-01-18T21:46:00Z,-360,1.57938E+12,0.950872,0.078886,31.021883,0,0,0,TRUE
2020-01-18T21:47:00Z,-360,1.57938E+12,0.932085,0.081871,31.00845,0,0,0,TRUE
2020-01-18T21:48:00Z,-360,1.57938E+12,0.947626,0.070626,30.842617,0,0,0,TRUE
2020-01-18T21:49:00Z,-360,1.57938E+12,0.994636,0.072775,30.763233,18,31,0,TRUE
2020-01-18T21:50:00Z,-360,1.57938E+12,0.965008,0.071386,30.79595,0,0,0,TRUE
2020-01-18T21:51:00Z,-360,1.57938E+12,0.947521,0.068247,30.721217,0,0,0,TRUE
2020-01-18T21:52:00Z,-360,1.57938E+12,0.976954,0.068172,30.712783,0,0,0,TRUE
2020-01-18T21:53:00Z,-360,1.57938E+12,0.951291,0.070801,30.685467,10,0,0,TRUE
2020-01-18T21:54:00Z,-360,1.57938E+12,0.99155,0.07707,30.6802,0,0,0,TRUE
2020-01-18T21:55:00Z,-360,1.57938E+12,0.945711,0.077117,30.694817,0,0,0,TRUE
2020-01-18T21:56:00Z,-360,1.57938E+12,0.968903,0.067188,30.531933,0,0,0,TRUE
2020-01-18T21:57:00Z,-360,1.57938E+12,0.960691,0.067369,30.48615,0,0,0,FALSE
2020-01-18T21:58:00Z,-360,1.57938E+12,0.960683,0.068902,30.51015,0,0,0,TRUE
2020-01-18T21:59:00Z,-360,1.57938E+12,0.956552,0.068822,30.558867,0,0,0,TRUE
2020-01-18T22:00:00Z,-360,1.57938E+12,0.965208,0.068343,30.597367,0,0,0,FALSE
2020-01-18T22:01:00Z,-360,1.57938E+12,0.979974,0.069028,30.666983,0,0,0,FALSE
2020-01-18T22:02:00Z,-360,1.57938E+12,0.978466,0.068748,30.748267,0,0,0,FALSE
2020-01-18T22:03:00Z,-360,1.57938E+12,0.986712,0.071006,30.86105,0,0,0,FALSE
2020-01-18T22:04:00Z,-360,1.57939E+12,0.986161,0.066751,30.882767,0,0,0,TRUE
2020-01-18T22:05:00Z,-360,1.57939E+12,0.926939,0.073885,31.044667,0,0,0,FALSE
2020-01-18T22:06:00Z,-360,1.57939E+12,0.966053,0.075641,31.224167,0,0,0,TRUE
2020-01-18T22:07:00Z,-360,1.57939E+12,0.945703,0.077301,31.285183,0,0,0,TRUE
2020-01-18T22:08:00Z,-360,1.57939E+12,0.942172,0.086948,31.3777,0,0,0,TRUE
2020-01-18T22:09:00Z,-360,1.57939E+12,0.928367,0.096528,31.4193,0,0,0,TRUE
2020-01-18T22:10:00Z,-360,1.57939E+12,0.928903,0.098259,31.382033,0,0,0,TRUE
2020-01-18T22:11:00Z,-360,1.57939E+12,0.926684,0.099895,31.370333,0,0,0,TRUE
2020-01-18T22:12:00Z,-360,1.57939E+12,0.932134,0.094772,31.373712,0,0,0,TRUE
2020-01-18T22:13:00Z,-360,1.57939E+12,0.950189,0.08211,31.3985,0,0,0,TRUE
2020-01-18T22:14:00Z,-360,1.57939E+12,0.966283,0.083925,31.391133,0,0,0,TRUE
2020-01-18T22:15:00Z,-360,1.57939E+12,0.970501,0.084041,31.303867,0,0,0,TRUE
2020-01-18T22:16:00Z,-360,1.57939E+12,1.008153,0.077509,31.205517,0,0,0,TRUE
2020-01-18T22:17:00Z,-360,1.57939E+12,1.011945,0.075822,31.148483,0,0,0,TRUE
2020-01-18T22:18:00Z,-360,1.57939E+12,0.987535,0.070623,31.127883,0,0,0,TRUE
2020-01-18T22:19:00Z,-360,1.57939E+12,0.993328,0.067634,31.126117,0,0,0,TRUE
2020-01-18T22:20:00Z,-360,1.57939E+12,0.995997,0.070987,31.20115,12,29,0,FALSE
2020-01-18T22:21:00Z,-360,1.57939E+12,0.940054,0.076305,31.45,0,0,0,TRUE
2020-01-18T22:22:00Z,-360,1.57939E+12,0.919219,0.087732,31.4427,10,0,0,TRUE
2020-01-18T22:23:00Z,-360,1.57939E+12,0.915267,0.089802,31.39895,0,0,0,TRUE
2020-01-18T22:24:00Z,-360,1.57939E+12,1.00946,0.100049,31.406733,0,0,0,TRUE
2020-01-18T22:25:00Z,-360,1.57939E+12,0.958064,0.102849,31.433283,0,0,0,TRUE
2020-01-18T22:26:00Z,-360,1.57939E+12,0.907508,0.109929,31.439533,0,0,0,TRUE
2020-01-18T22:27:00Z,-360,1.57939E+12,0.906156,0.109229,31.447083,0,0,0,TRUE
2020-01-18T22:28:00Z,-360,1.57939E+12,0.951074,0.117957,31.45295,0,0,0,TRUE
2020-01-18T22:29:00Z,-360,1.57939E+12,0.940649,0.127515,31.5139,0,0,0,TRUE
2020-01-18T22:30:00Z,-360,1.57939E+12,0.968315,0.13089,31.558967,0,0,0,TRUE
2020-01-18T22:31:00Z,-360,1.57939E+12,1.030505,0.13533,31.582817,0,0,0,TRUE
2020-01-18T22:32:00Z,-360,1.57939E+12,0.975895,0.161671,31.591317,0,0,0,TRUE
2020-01-18T22:33:00Z,-360,1.57939E+12,0.993447,0.155445,31.6332,0,0,0,TRUE
2020-01-18T22:34:00Z,-360,1.57939E+12,0.971152,0.151489,31.618767,0,0,0,TRUE
2020-01-18T22:35:00Z,-360,1.57939E+12,0.934854,0.155602,31.5668,0,0,0,TRUE
2020-01-18T22:36:00Z,-360,1.57939E+12,0.905232,0.146813,31.511733,0,0,0,TRUE
2020-01-18T22:37:00Z,-360,1.57939E+12,0.886699,0.147948,31.44005,0,0,0,TRUE
2020-01-18T22:38:00Z,-360,1.57939E+12,0.905234,0.153948,31.390267,0,0,0,TRUE
2020-01-18T22:39:00Z,-360,1.57939E+12,0.925198,0.157464,31.33415,0,0,0,TRUE
2020-01-18T22:40:00Z,-360,1.57939E+12,0.943845,0.19633,31.257533,0,0,0,TRUE
2020-01-18T22:41:00Z,-360,1.57939E+12,0.983539,0.218951,31.203367,0,0,0,TRUE
2020-01-18T22:42:00Z,-360,1.57939E+12,0.913684,0.157986,31.165933,0,0,0,TRUE
2020-01-18T22:43:00Z,-360,1.57939E+12,0.971687,0.146383,31.155633,0,0,0,TRUE
2020-01-18T22:44:00Z,-360,1.57939E+12,0.982202,0.150511,31.1973,0,0,0,TRUE
2020-01-18T22:45:00Z,-360,1.57939E+12,0.891172,0.141756,31.276233,0,0,0,TRUE
2020-01-18T22:46:00Z,-360,1.57939E+12,0.896117,0.148098,31.352933,0,0,0,TRUE
2020-01-18T22:47:00Z,-360,1.57939E+12,0.881992,0.155925,31.440967,0,0,0,TRUE
2020-01-18T22:48:00Z,-360,1.57939E+12,0.905221,0.160192,31.4814,0,0,0,TRUE
2020-01-18T22:49:00Z,-360,1.57939E+12,0.885941,0.165278,31.5204,0,0,0,TRUE
2020-01-18T22:50:00Z,-360,1.57939E+12,0.885056,0.165733,31.427267,0,0,0,TRUE
2020-01-18T22:51:00Z,-360,1.57939E+12,0.901351,0.169692,31.411933,0,0,0,TRUE
2020-01-18T22:52:00Z,-360,1.57939E+12,0.902559,0.16628,31.3764,0,0,0,TRUE
2020-01-18T22:53:00Z,-360,1.57939E+12,0.881989,0.16989,31.31845,0,0,0,TRUE
2020-01-18T22:54:00Z,-360,1.57939E+12,0.881847,0.173024,31.2779,0,0,0,TRUE
2020-01-18T22:55:00Z,-360,1.57939E+12,0.905478,0.188957,31.309517,0,0,0,TRUE
2020-01-18T22:56:00Z,-360,1.57939E+12,0.884856,0.169609,31.336533,0,0,0,TRUE
2020-01-18T22:57:00Z,-360,1.57939E+12,0.887015,0.169413,31.3491,0,0,0,TRUE
2020-01-18T22:58:00Z,-360,1.57939E+12,0.889472,0.174654,31.343433,0,0,0,TRUE
2020-01-18T22:59:00Z,-360,1.57939E+12,0.902953,0.17446,31.2632,0,0,0,TRUE
2020-01-18T23:00:00Z,-360,1.57939E+12,0.921337,0.182587,31.217667,0,0,0,TRUE
2020-01-18T23:01:00Z,-360,1.57939E+12,0.927696,0.187003,31.2272,0,0,0,TRUE
2020-01-18T23:02:00Z,-360,1.57939E+12,0.926911,0.190627,31.248433,0,0,0,TRUE
2020-01-18T23:03:00Z,-360,1.57939E+12,0.946306,0.198356,31.269667,0,0,0,TRUE
2020-01-18T23:04:00Z,-360,1.57939E+12,0.942423,0.187959,31.2649,0,0,0,TRUE
2020-01-18T23:05:00Z,-360,1.57939E+12,0.907314,0.180616,31.2415,0,0,0,TRUE
2020-01-18T23:06:00Z,-360,1.57939E+12,0.938844,0.179035,31.199033,0,0,0,TRUE
2020-01-18T23:07:00Z,-360,1.57939E+12,0.942694,0.183403,31.17285,0,0,0,TRUE
2020-01-18T23:08:00Z,-360,1.57939E+12,0.945583,0.187458,31.12785,0,0,0,TRUE
2020-01-18T23:09:00Z,-360,1.57939E+12,0.94388,0.190985,31.152117,0,0,0,TRUE
2020-01-18T23:10:00Z,-360,1.57939E+12,0.920955,0.193447,31.202933,0,0,0,TRUE
2020-01-18T23:11:00Z,-360,1.57939E+12,0.922884,0.207086,31.231967,10,0,0,TRUE
2020-01-18T23:12:00Z,-360,1.57939E+12,0.922725,0.228461,31.239767,16,0,0,TRUE
2020-01-18T23:13:00Z,-360,1.57939E+12,0.89588,0.230109,31.225033,0,0,0,TRUE
2020-01-18T23:14:00Z,-360,1.57939E+12,0.898274,0.234897,31.235,0,0,0,TRUE
2020-01-18T23:15:00Z,-360,1.57939E+12,0.896171,0.236716,31.2597,0,0,0,TRUE
2020-01-18T23:16:00Z,-360,1.57939E+12,0.914182,0.235692,31.269233,0,0,0,TRUE
2020-01-18T23:17:00Z,-360,1.57939E+12,0.946074,0.233107,31.2597,15,0,0,TRUE
2020-01-18T23:18:00Z,-360,1.57939E+12,0.89676,0.234392,31.195567,0,0,0,TRUE
2020-01-18T23:19:00Z,-360,1.57939E+12,0.897867,0.260473,31.197733,0,0,0,TRUE
2020-01-18T23:20:00Z,-360,1.57939E+12,0.909498,0.245657,31.164083,0,0,0,TRUE
2020-01-18T23:21:00Z,-360,1.57939E+12,0.902184,0.245134,31.116567,0,0,0,TRUE
2020-01-18T23:22:00Z,-360,1.57939E+12,0.921082,0.244134,31.109633,0,0,0,TRUE
2020-01-18T23:23:00Z,-360,1.57939E+12,0.944096,0.240119,31.0949,0,0,0,TRUE
2020-01-18T23:24:00Z,-360,1.57939E+12,0.94002,0.229276,31.112233,0,0,0,TRUE
2020-01-18T23:25:00Z,-360,1.57939E+12,0.945418,0.227584,31.140117,0,0,0,TRUE
2020-01-18T23:26:00Z,-360,1.57939E+12,0.954024,0.223148,31.155183,0,0,0,TRUE
2020-01-18T23:27:00Z,-360,1.57939E+12,0.955816,0.213699,31.177367,0,0,0,TRUE
2020-01-18T23:28:00Z,-360,1.57939E+12,0.959901,0.160834,31.17345,0,0,0,TRUE
2020-01-18T23:29:00Z,-360,1.57939E+12,0.961658,0.153914,31.189933,0,0,0,TRUE
2020-01-18T23:30:00Z,-360,1.57939E+12,0.957128,0.148623,31.217233,0,0,0,TRUE
2020-01-18T23:31:00Z,-360,1.57939E+12,0.962013,0.148272,31.239333,0,0,0,TRUE
2020-01-18T23:32:00Z,-360,1.57939E+12,0.956386,0.14646,31.254933,0,0,0,TRUE
2020-01-18T23:33:00Z,-360,1.57939E+12,0.959752,0.142975,31.2753,0,0,0,TRUE
2020-01-18T23:34:00Z,-360,1.57939E+12,0.966011,0.140442,31.284833,0,0,0,TRUE
2020-01-18T23:35:00Z,-360,1.57939E+12,0.967593,0.138022,31.30765,0,0,0,TRUE
2020-01-18T23:36:00Z,-360,1.57939E+12,0.979969,0.139452,31.330417,0,0,0,TRUE
2020-01-18T23:37:00Z,-360,1.57939E+12,0.998639,0.157409,31.400667,0,0,0,TRUE
2020-01-18T23:38:00Z,-360,1.57939E+12,0.890483,0.168864,31.4422,0,0,0,TRUE
2020-01-18T23:39:00Z,-360,1.57939E+12,0.999697,0.172914,31.485733,0,0,0,TRUE
2020-01-18T23:40:00Z,-360,1.57939E+12,0.95805,0.176703,31.476633,0,0,0,TRUE
2020-01-18T23:41:00Z,-360,1.57939E+12,0.991958,0.169172,31.454333,0,0,0,TRUE
2020-01-18T23:42:00Z,-360,1.57939E+12,1.001355,0.173308,31.454767,0,0,0,TRUE
2020-01-18T23:43:00Z,-360,1.57939E+12,1.000939,0.17547,31.473167,0,0,0,TRUE
2020-01-18T23:44:00Z,-360,1.57939E+12,1.006533,0.179682,31.497433,0,0,0,TRUE
2020-01-18T23:45:00Z,-360,1.57939E+12,0.995014,0.184942,31.5178,0,0,0,TRUE
2020-01-18T23:46:00Z,-360,1.57939E+12,0.995938,0.194177,31.471833,0,0,0,TRUE
2020-01-18T23:47:00Z,-360,1.57939E+12,0.957664,0.190648,31.4722,0,0,0,TRUE
2020-01-18T23:48:00Z,-360,1.57939E+12,0.949873,0.219387,31.443033,0,0,0,TRUE
2020-01-18T23:49:00Z,-360,1.57939E+12,0.925106,0.213173,31.506533,0,0,0,TRUE
2020-01-18T23:50:00Z,-360,1.57939E+12,0.946426,0.201971,31.544667,0,0,0,TRUE
2020-01-18T23:51:00Z,-360,1.57939E+12,0.962321,0.197665,31.542067,0,0,0,TRUE
2020-01-18T23:52:00Z,-360,1.57939E+12,1.010612,0.19277,31.510867,0,0,0,TRUE
2020-01-18T23:53:00Z,-360,1.57939E+12,1.005025,0.195463,31.518233,0,0,0,TRUE
2020-01-18T23:54:00Z,-360,1.57939E+12,1.018974,0.201164,31.568717,0,0,0,TRUE
2020-01-18T23:55:00Z,-360,1.57939E+12,1.012879,0.227004,31.604983,0,0,0,TRUE
2020-01-18T23:56:00Z,-360,1.57939E+12,1.000411,0.226232,31.5308,0,0,0,TRUE
2020-01-18T23:57:00Z,-360,1.57939E+12,0.996551,0.228359,31.5321,0,0,0,TRUE
2020-01-18T23:58:00Z,-360,1.57939E+12,0.931323,0.230951,31.6113,0,0,0,TRUE
2020-01-18T23:59:00Z,-360,1.57939E+12,0.917135,0.220005,31.62495,0,0,0,TRUE
2020-01-19T00:00:00Z,-360,1.57939E+12,0.970796,0.227332,31.605967,0,0,0,TRUE
2020-01-19T00:01:00Z,-360,1.57939E+12,0.971188,0.228442,31.5386,0,0,0,TRUE
2020-01-19T00:02:00Z,-360,1.57939E+12,0.969447,0.228011,31.45635,0,0,0,TRUE
2020-01-19T00:03:00Z,-360,1.57939E+12,0.96119,0.21198,31.349817,0,0,0,TRUE
2020-01-19T00:04:00Z,-360,1.57939E+12,1.000888,0.187521,31.3117,0,0,0,TRUE
2020-01-19T00:05:00Z,-360,1.57939E+12,0.9799,0.191074,31.31395,0,0,0,TRUE
2020-01-19T00:06:00Z,-360,1.57939E+12,0.893297,0.177937,31.295683,0,0,0,TRUE
2020-01-19T00:07:00Z,-360,1.57939E+12,0.906268,0.188596,31.248,0,0,0,TRUE
2020-01-19T00:08:00Z,-360,1.57939E+12,0.974822,0.22912,31.151717,0,0,0,TRUE
2020-01-19T00:09:00Z,-360,1.57939E+12,0.989961,0.228653,31.134933,0,0,0,TRUE
2020-01-19T00:10:00Z,-360,1.57939E+12,0.987102,0.228883,31.1999,0,0,0,TRUE
2020-01-19T00:11:00Z,-360,1.57939E+12,0.962737,0.241295,31.290017,0,0,0,TRUE
2020-01-19T00:12:00Z,-360,1.57939E+12,0.934537,0.248822,31.349967,0,0,0,TRUE
2020-01-19T00:13:00Z,-360,1.57939E+12,0.910824,0.250918,31.379867,0,0,0,TRUE
2020-01-19T00:14:00Z,-360,1.57939E+12,0.918173,0.235791,31.345867,0,0,0,TRUE
2020-01-19T00:15:00Z,-360,1.57939E+12,0.975677,0.247922,31.225033,0,0,0,TRUE
2020-01-19T00:16:00Z,-360,1.57939E+12,0.986803,0.245766,31.2168,0,0,0,TRUE
